MS-DRG,Name,Avg Total Charges
1,HEART TRANSPLANT OR IMPLANT OF HEART ASSIST SYSTEM W MCC,1360592.858
3,"ECMO OR TRACH W MV >96 HRS OR PDX EXC FACE, MOUTH & NECK W MAJ O.R.",699632.0779
4,"TRACH W MV >96 HRS OR PDX EXC FACE, MOUTH & NECK W/O MAJ O.R.",441472.8477
11,"TRACHEOSTOMY FOR FACE,MOUTH & NECK DIAGNOSES W MCC",161272.6733
12,"TRACHEOSTOMY FOR FACE,MOUTH & NECK DIAGNOSES W CC",177971.27
20,INTRACRANIAL VASCULAR PROCEDURES W PDX HEMORRHAGE W MCC,338763.53
21,INTRACRANIAL VASCULAR PROCEDURES W PDX HEMORRHAGE W CC,260357.24
22,INTRACRANIAL VASCULAR PROCEDURES W PDX HEMORRHAGE W/O CC/MCC,240553.71
23,CRANIOTOMY W MAJOR DEVICE IMPLANT OR ACUTE CNS PDX W MCC OR CHEMOTHERAPY IMPLANT OR EPILEPSY W NEUROSTIMULATOR,192134.2074
24,CRANIO W MAJOR DEV IMPL/ACUTE COMPLEX CNS PDX W/O MCC,151096.157
25,CRANIOTOMY & ENDOVASCULAR INTRACRANIAL PROCEDURES W MCC,127312.6157
26,CRANIOTOMY & ENDOVASCULAR INTRACRANIAL PROCEDURES W CC,106436.7855
27,CRANIOTOMY & ENDOVASCULAR INTRACRANIAL PROCEDURES W/O CC/MCC,74616.33471
28,SPINAL PROCEDURES W MCC,151341.898
29,SPINAL PROCEDURES W CC OR SPINAL NEUROSTIMULATORS,95708.30818
30,SPINAL PROCEDURES W/O CC/MCC,69801.16857
31,VENTRICULAR SHUNT PROCEDURES W MCC,129961.1433
32,VENTRICULAR SHUNT PROCEDURES W CC,67218.20167
33,VENTRICULAR SHUNT PROCEDURES W/O CC/MCC,61832.035
36,CAROTID ARTERY STENT PROCEDURE W/O CC/MCC,53700.01
37,EXTRACRANIAL PROCEDURES W MCC,120550.07
38,EXTRACRANIAL PROCEDURES W CC,44102.13111
39,EXTRACRANIAL PROCEDURES W/O CC/MCC,45400.2572
40,PERIPH/CRANIAL NERVE & OTHER NERV SYST PROC W MCC,171440.584
41,PERIPH/CRANIAL NERVE & OTHER NERV SYST PROC W CC OR PERIPH NEUROSTIM,109384.5795
42,PERIPH/CRANIAL NERVE & OTHER NERV SYST PROC W/O CC/MCC,86766.14727
52,SPINAL DISORDERS & INJURIES W CC/MCC,64239.72
54,NERVOUS SYSTEM NEOPLASMS W MCC,63123.73077
55,NERVOUS SYSTEM NEOPLASMS W/O MCC,30880.01222
56,DEGENERATIVE NERVOUS SYSTEM DISORDERS W MCC,51245.76111
57,DEGENERATIVE NERVOUS SYSTEM DISORDERS W/O MCC,38426.15343
58,MULTIPLE SCLEROSIS & CEREBELLAR ATAXIA W MCC,53788.8275
59,MULTIPLE SCLEROSIS & CEREBELLAR ATAXIA W CC,43671.2925
60,MULTIPLE SCLEROSIS & CEREBELLAR ATAXIA W/O CC/MCC,49967.13571
61,"ISCHEMIC STROKE, PRECEREBRAL OCCLUSION OR TRANSIENT ISCHEMIA W THROMBOLYTIC AGENT W MCC",142087.3587
62,"ISCHEMIC STROKE, PRECEREBRAL OCCLUSION OR TRANSIENT ISCHEMIA W THROMBOLYTIC AGENT W CC",72375.75917
64,INTRACRANIAL HEMORRHAGE OR CEREBRAL INFARCTION W MCC,99301.34076
65,INTRACRANIAL HEMORRHAGE OR CEREBRAL INFARCTION W CC OR TPA IN 24 HRS,65877.56795
66,INTRACRANIAL HEMORRHAGE OR CEREBRAL INFARCTION W/O CC/MCC,37541.21159
69,TRANSIENT ISCHEMIA W/O THROMBOLYTIC,38898.772
70,NONSPECIFIC CEREBROVASCULAR DISORDERS W MCC,55462.2925
71,NONSPECIFIC CEREBROVASCULAR DISORDERS W CC,27147.505
72,NONSPECIFIC CEREBROVASCULAR DISORDERS W/O CC/MCC,11239
73,CRANIAL & PERIPHERAL NERVE DISORDERS W MCC,93346.04
74,CRANIAL & PERIPHERAL NERVE DISORDERS W/O MCC,35015.162
75,VIRAL MENINGITIS W CC/MCC,153947.655
76,VIRAL MENINGITIS W/O CC/MCC,26401.41273
77,HYPERTENSIVE ENCEPHALOPATHY W MCC,156949.4325
78,HYPERTENSIVE ENCEPHALOPATHY W CC,47774.37
81,NONTRAUMATIC STUPOR & COMA W/O MCC,16534.035
82,"TRAUMATIC STUPOR & COMA, COMA >1 HR W MCC",107272.9525
83,"TRAUMATIC STUPOR & COMA, COMA >1 HR W CC",79837.191
84,"TRAUMATIC STUPOR & COMA, COMA >1 HR W/O CC/MCC",31433.78762
85,"TRAUMATIC STUPOR & COMA, COMA <1 HR W MCC",67567.83619
86,"TRAUMATIC STUPOR & COMA, COMA <1 HR W CC",52612.01786
87,"TRAUMATIC STUPOR & COMA, COMA <1 HR W/O CC/MCC",16671.94667
88,CONCUSSION W MCC,184091.12
89,CONCUSSION W CC,33113.01
90,CONCUSSION W/O CC/MCC,10408.71571
91,OTHER DISORDERS OF NERVOUS SYSTEM W MCC,79980.56263
92,OTHER DISORDERS OF NERVOUS SYSTEM W CC,39209.45407
93,OTHER DISORDERS OF NERVOUS SYSTEM W/O CC/MCC,25127.90278
94,BACTERIAL & TUBERCULOUS INFECTIONS OF NERVOUS SYSTEM W MCC,219290.58
95,BACTERIAL & TUBERCULOUS INFECTIONS OF NERVOUS SYSTEM W CC,82961.085
96,BACTERIAL & TUBERCULOUS INFECTIONS OF NERVOUS SYSTEM W/O CC/MCC,76598.13
97,NON-BACTERIAL INFECT OF NERVOUS SYS EXC VIRAL MENINGITIS W MCC,134070.152
98,NON-BACTERIAL INFECT OF NERVOUS SYS EXC VIRAL MENINGITIS W CC,46230.77714
99,NON-BACTERIAL INFECT OF NERVOUS SYS EXC VIRAL MENINGITIS W/O CC/MCC,77869.48
100,SEIZURES W MCC,43517.1385
101,SEIZURES W/O MCC,22176.19591
102,HEADACHES W MCC,28414.02333
103,HEADACHES W/O MCC,22941.71
115,EXTRAOCULAR PROCEDURES EXCEPT ORBIT,20869.02
121,ACUTE MAJOR EYE INFECTIONS W CC/MCC,23008.255
123,NEUROLOGICAL EYE DISORDERS,14694.7675
124,OTHER DISORDERS OF THE EYE W MCC,20256.115
125,OTHER DISORDERS OF THE EYE W/O MCC,24468.845
129,MAJOR HEAD & NECK PROCEDURES W CC/MCC OR MAJOR DEVICE,79041.53
131,CRANIAL/FACIAL PROCEDURES W CC/MCC,65156.84333
132,CRANIAL/FACIAL PROCEDURES W/O CC/MCC,46511.61
133,"OTHER EAR, NOSE, MOUTH & THROAT O.R. PROCEDURES W CC/MCC",41350.87727
134,"OTHER EAR, NOSE, MOUTH & THROAT O.R. PROCEDURES W/O CC/MCC",21853.95667
136,SINUS & MASTOID PROCEDURES W/O CC/MCC,29072
137,MOUTH PROCEDURES W CC/MCC,25216.37667
138,MOUTH PROCEDURES W/O CC/MCC,9550.346667
146,"EAR, NOSE, MOUTH & THROAT MALIGNANCY W MCC",23873.68
147,"EAR, NOSE, MOUTH & THROAT MALIGNANCY W CC",27505.612
148,"EAR, NOSE, MOUTH & THROAT MALIGNANCY W/O CC/MCC",16310.66667
149,DYSEQUILIBRIUM,26225.70818
151,EPISTAXIS W/O MCC,25105.09167
152,OTITIS MEDIA & URI W MCC,36763.82133
153,OTITIS MEDIA & URI W/O MCC,20339.382
154,"OTHER EAR, NOSE, MOUTH & THROAT DIAGNOSES W MCC",58791.444
155,"OTHER EAR, NOSE, MOUTH & THROAT DIAGNOSES W CC",28643.44071
156,"OTHER EAR, NOSE, MOUTH & THROAT DIAGNOSES W/O CC/MCC",16158.01583
157,DENTAL & ORAL DISEASES W MCC,61000.39667
158,DENTAL & ORAL DISEASES W CC,24779.20308
159,DENTAL & ORAL DISEASES W/O CC/MCC,17011.09294
163,MAJOR CHEST PROCEDURES W MCC,153470.8321
164,MAJOR CHEST PROCEDURES W CC,74685.87115
165,MAJOR CHEST PROCEDURES W/O CC/MCC,53130.19545
166,OTHER RESP SYSTEM O.R. PROCEDURES W MCC,121038.1684
167,OTHER RESP SYSTEM O.R. PROCEDURES W CC,51277.51577
168,OTHER RESP SYSTEM O.R. PROCEDURES W/O CC/MCC,44408.686
175,PULMONARY EMBOLISM W MCC,75336.79457
176,PULMONARY EMBOLISM W/O MCC,35654.52724
177,RESPIRATORY INFECTIONS & INFLAMMATIONS W MCC,88692.68328
178,RESPIRATORY INFECTIONS & INFLAMMATIONS W CC,64667.69917
179,RESPIRATORY INFECTIONS & INFLAMMATIONS W/O CC/MCC,57067.66091
180,RESPIRATORY NEOPLASMS W MCC,91351.03481
181,RESPIRATORY NEOPLASMS W CC,45690.88087
182,RESPIRATORY NEOPLASMS W/O CC/MCC,15069
183,MAJOR CHEST TRAUMA W MCC,52518.55333
184,MAJOR CHEST TRAUMA W CC,38735.469
185,MAJOR CHEST TRAUMA W/O CC/MCC,27766.01333
186,PLEURAL EFFUSION W MCC,115220.448
187,PLEURAL EFFUSION W CC,39823.63375
188,PLEURAL EFFUSION W/O CC/MCC,34178.34
189,PULMONARY EDEMA & RESPIRATORY FAILURE,47756.37046
190,CHRONIC OBSTRUCTIVE PULMONARY DISEASE W MCC,42597.28965
191,CHRONIC OBSTRUCTIVE PULMONARY DISEASE W CC,34759.89859
192,CHRONIC OBSTRUCTIVE PULMONARY DISEASE W/O CC/MCC,27675.51313
193,SIMPLE PNEUMONIA & PLEURISY W MCC,50122.07911
194,SIMPLE PNEUMONIA & PLEURISY W CC,29356.16905
195,SIMPLE PNEUMONIA & PLEURISY W/O CC/MCC,18793.90106
196,INTERSTITIAL LUNG DISEASE W MCC,84119.03938
197,INTERSTITIAL LUNG DISEASE W CC,46080.91125
198,INTERSTITIAL LUNG DISEASE W/O CC/MCC,25993.51
199,PNEUMOTHORAX W MCC,60979.025
200,PNEUMOTHORAX W CC,31996.75625
201,PNEUMOTHORAX W/O CC/MCC,18291.50375
202,BRONCHITIS & ASTHMA W CC/MCC,36584.90556
203,BRONCHITIS & ASTHMA W/O CC/MCC,16382.65417
204,RESPIRATORY SIGNS & SYMPTOMS,17970.853
205,OTHER RESPIRATORY SYSTEM DIAGNOSES W MCC,64583.11536
206,OTHER RESPIRATORY SYSTEM DIAGNOSES W/O MCC,31124.41371
207,RESPIRATORY SYSTEM DIAGNOSIS W VENTILATOR SUPPORT >96 HOURS,194079.7225
208,RESPIRATORY SYSTEM DIAGNOSIS W VENTILATOR SUPPORT <=96 HOURS,85256.40831
215,OTHER HEART ASSIST SYSTEM IMPLANT,269995.1156
216,CARDIAC VALVE & OTH MAJ CARDIOTHORACIC PROC W CARD CATH W MCC,305279.8344
217,CARDIAC VALVE & OTH MAJ CARDIOTHORACIC PROC W CARD CATH W CC,232549.928
219,CARDIAC VALVE & OTH MAJ CARDIOTHORACIC PROC W/O CARD CATH W MCC,274526.2336
220,CARDIAC VALVE & OTH MAJ CARDIOTHORACIC PROC W/O CARD CATH W CC,194571.8616
221,CARDIAC VALVE & OTH MAJ CARDIOTHORACIC PROC W/O CARD CATH W/O CC/MCC,87908.56
222,CARDIAC DEFIB IMPLANT W CARDIAC CATH W AMI/HF/SHOCK W MCC,334731.0233
223,CARDIAC DEFIB IMPLANT W CARDIAC CATH W AMI/HF/SHOCK W/O MCC,178381.505
224,CARDIAC DEFIB IMPLANT W CARDIAC CATH W/O AMI/HF/SHOCK W MCC,289288.2471
225,CARDIAC DEFIB IMPLANT W CARDIAC CATH W/O AMI/HF/SHOCK W/O MCC,181220.68
226,CARDIAC DEFIBRILLATOR IMPLANT W/O CARDIAC CATH W MCC,264436.5219
227,CARDIAC DEFIBRILLATOR IMPLANT W/O CARDIAC CATH W/O MCC,210920.9857
228,OTHER CARDIOTHORACIC PROCEDURES W MCC,240882.3789
229,OTHER CARDIOTHORACIC PROCEDURES W/O MCC,300168.031
231,CORONARY BYPASS W PTCA W MCC,324105.6
232,CORONARY BYPASS W PTCA W/O MCC,294553.08
233,CORONARY BYPASS W CARDIAC CATH W MCC,281831.1232
234,CORONARY BYPASS W CARDIAC CATH W/O MCC,181327.11
235,CORONARY BYPASS W/O CARDIAC CATH W MCC,254901.7244
236,CORONARY BYPASS W/O CARDIAC CATH W/O MCC,163187.2098
239,AMPUTATION FOR CIRC SYS DISORDERS EXC UPPER LIMB & TOE W MCC,149855.7582
240,AMPUTATION FOR CIRC SYS DISORDERS EXC UPPER LIMB & TOE W CC,63642.2737
242,PERMANENT CARDIAC PACEMAKER IMPLANT W MCC,149892.3519
243,PERMANENT CARDIAC PACEMAKER IMPLANT W CC,102685.5095
244,PERMANENT CARDIAC PACEMAKER IMPLANT W/O CC/MCC,80205.29912
245,AICD GENERATOR PROCEDURES,174046.46
246,PERCUTANEOUS CARDIOVASCULAR PROCEDURES W DRUG-ELUTING STENT W MCC OR 4+ ARTERIES OR STENTS,127514.7412
247,PERC CARDIOVASC PROC W DRUG-ELUTING STENT W/O MCC,93634.96005
248,PERCUTANEOUS CARDIOVASCULAR PROCEDURES W NON-DRUG-ELUTING STENT W MCC OR 4+ ARTERIES OR STENTS,164434.0319
249,PERC CARDIOVASC PROC W NON-DRUG-ELUTING STENT W/O MCC,91436.63273
250,PERC CARDIOVASC PROC W/O CORONARY ARTERY STENT W MCC,105064.0843
251,PERC CARDIOVASC PROC W/O CORONARY ARTERY STENT W/O MCC,69059.28
252,OTHER VASCULAR PROCEDURES W MCC,94902.7348
253,OTHER VASCULAR PROCEDURES W CC,72252.19558
254,OTHER VASCULAR PROCEDURES W/O CC/MCC,58025.40385
256,UPPER LIMB & TOE AMPUTATION FOR CIRC SYSTEM DISORDERS W CC,60598.06
258,CARDIAC PACEMAKER DEVICE REPLACEMENT W MCC,125299.0567
259,CARDIAC PACEMAKER DEVICE REPLACEMENT W/O MCC,90105.01667
260,CARDIAC PACEMAKER REVISION EXCEPT DEVICE REPLACEMENT W MCC,94703.817
261,CARDIAC PACEMAKER REVISION EXCEPT DEVICE REPLACEMENT W CC,94359.54933
262,CARDIAC PACEMAKER REVISION EXCEPT DEVICE REPLACEMENT W/O CC/MCC,86190.209
264,OTHER CIRCULATORY SYSTEM O.R. PROCEDURES,76518.05105
265,AICD LEAD PROCEDURES,102817.015
266,ENDOVASCULAR CARDIAC VALVE REPLACEMENT W MCC,353024.2795
267,ENDOVASCULAR CARDIAC VALVE REPLACEMENT W/O MCC,246910.7141
268,AORTIC AND HEART ASSIST PROCEDURES EXCEPT PULSATION BALLOON W MCC,182477.8989
269,AORTIC AND HEART ASSIST PROCEDURES EXCEPT PULSATION BALLOON W/O MCC,86508.17621
270,OTHER MAJOR CARDIOVASCULAR PROCEDURES W MCC,246722.0676
271,OTHER MAJOR CARDIOVASCULAR PROCEDURES W CC,106549.515
272,OTHER MAJOR CARDIOVASCULAR PROCEDURES W/O CC/MCC,117351.224
273,PERCUTANEOUS INTRACARDIAC PROCEDURES W MCC,241621.5026
274,PERCUTANEOUS INTRACARDIAC PROCEDURES W/O MCC,217980.4303
280,"ACUTE MYOCARDIAL INFARCTION, DISCHARGED ALIVE W MCC",83490.1469
281,"ACUTE MYOCARDIAL INFARCTION, DISCHARGED ALIVE W CC",49612.94588
282,"ACUTE MYOCARDIAL INFARCTION, DISCHARGED ALIVE W/O CC/MCC",37007.39703
283,"ACUTE MYOCARDIAL INFARCTION, EXPIRED W MCC",100724.7646
284,"ACUTE MYOCARDIAL INFARCTION, EXPIRED W CC",12088.04
286,"CIRCULATORY DISORDERS EXCEPT AMI, W CARD CATH W MCC",89274.10357
287,"CIRCULATORY DISORDERS EXCEPT AMI, W CARD CATH W/O MCC",47257.2913
288,ACUTE & SUBACUTE ENDOCARDITIS W MCC,145283.58
291,HEART FAILURE & SHOCK W MCC,78573.10974
292,HEART FAILURE & SHOCK W CC,56164.62767
293,HEART FAILURE & SHOCK W/O CC/MCC,36429.69455
296,"CARDIAC ARREST, UNEXPLAINED W MCC",75498.1625
299,PERIPHERAL VASCULAR DISORDERS W MCC,43965.96121
300,PERIPHERAL VASCULAR DISORDERS W CC,35591.78172
301,PERIPHERAL VASCULAR DISORDERS W/O CC/MCC,22306.715
302,ATHEROSCLEROSIS W MCC,34123.406
303,ATHEROSCLEROSIS W/O MCC,26652.36704
304,HYPERTENSION W MCC,36983.128
305,HYPERTENSION W/O MCC,27063.85125
306,CARDIAC CONGENITAL & VALVULAR DISORDERS W MCC,66793.78917
307,CARDIAC CONGENITAL & VALVULAR DISORDERS W/O MCC,41605.78308
308,CARDIAC ARRHYTHMIA & CONDUCTION DISORDERS W MCC,55583.79113
309,CARDIAC ARRHYTHMIA & CONDUCTION DISORDERS W CC,41184.54874
310,CARDIAC ARRHYTHMIA & CONDUCTION DISORDERS W/O CC/MCC,28308.74522
311,ANGINA PECTORIS,21168.504
312,SYNCOPE & COLLAPSE,31860.64958
313,CHEST PAIN,28270.5636
314,OTHER CIRCULATORY SYSTEM DIAGNOSES W MCC,106181.1057
315,OTHER CIRCULATORY SYSTEM DIAGNOSES W CC,53864.943
316,OTHER CIRCULATORY SYSTEM DIAGNOSES W/O CC/MCC,23297.32231
326,"STOMACH, ESOPHAGEAL & DUODENAL PROC W MCC",196364.3083
327,"STOMACH, ESOPHAGEAL & DUODENAL PROC W CC",74494.09174
328,"STOMACH, ESOPHAGEAL & DUODENAL PROC W/O CC/MCC",38058.7745
329,MAJOR SMALL & LARGE BOWEL PROCEDURES W MCC,141877.7777
330,MAJOR SMALL & LARGE BOWEL PROCEDURES W CC,72144.27105
331,MAJOR SMALL & LARGE BOWEL PROCEDURES W/O CC/MCC,55517.99234
333,RECTAL RESECTION W CC,93281.02
334,RECTAL RESECTION W/O CC/MCC,33886
335,PERITONEAL ADHESIOLYSIS W MCC,187633.61
336,PERITONEAL ADHESIOLYSIS W CC,65566.23545
337,PERITONEAL ADHESIOLYSIS W/O CC/MCC,41897.17571
338,APPENDECTOMY W COMPLICATED PRINCIPAL DIAG W MCC,150641.85
339,APPENDECTOMY W COMPLICATED PRINCIPAL DIAG W CC,66185.99583
340,APPENDECTOMY W COMPLICATED PRINCIPAL DIAG W/O CC/MCC,36562.19205
341,APPENDECTOMY W/O COMPLICATED PRINCIPAL DIAG W MCC,37634.03
342,APPENDECTOMY W/O COMPLICATED PRINCIPAL DIAG W CC,37778.53667
343,APPENDECTOMY W/O COMPLICATED PRINCIPAL DIAG W/O CC/MCC,29101.53
345,MINOR SMALL & LARGE BOWEL PROCEDURES W CC,32245.365
346,MINOR SMALL & LARGE BOWEL PROCEDURES W/O CC/MCC,19798.61
347,ANAL & STOMAL PROCEDURES W MCC,178569.11
348,ANAL & STOMAL PROCEDURES W CC,45579.04167
349,ANAL & STOMAL PROCEDURES W/O CC/MCC,65212.06
350,INGUINAL & FEMORAL HERNIA PROCEDURES W MCC,90040.18
351,INGUINAL & FEMORAL HERNIA PROCEDURES W CC,50199.59222
352,INGUINAL & FEMORAL HERNIA PROCEDURES W/O CC/MCC,25136.82636
353,HERNIA PROCEDURES EXCEPT INGUINAL & FEMORAL W MCC,217318.5525
354,HERNIA PROCEDURES EXCEPT INGUINAL & FEMORAL W CC,49460.50571
355,HERNIA PROCEDURES EXCEPT INGUINAL & FEMORAL W/O CC/MCC,30480.46222
356,OTHER DIGESTIVE SYSTEM O.R. PROCEDURES W MCC,218680.9229
357,OTHER DIGESTIVE SYSTEM O.R. PROCEDURES W CC,98983.79889
358,OTHER DIGESTIVE SYSTEM O.R. PROCEDURES W/O CC/MCC,33235.5175
368,MAJOR ESOPHAGEAL DISORDERS W MCC,85456.12222
369,MAJOR ESOPHAGEAL DISORDERS W CC,60454.05429
370,MAJOR ESOPHAGEAL DISORDERS W/O CC/MCC,26887.545
371,MAJOR GASTROINTESTINAL DISORDERS & PERITONEAL INFECTIONS W MCC,52443.56955
372,MAJOR GASTROINTESTINAL DISORDERS & PERITONEAL INFECTIONS W CC,49529.04714
373,MAJOR GASTROINTESTINAL DISORDERS & PERITONEAL INFECTIONS W/O CC/MCC,30789.7241
374,DIGESTIVE MALIGNANCY W MCC,84882.62138
375,DIGESTIVE MALIGNANCY W CC,45086.25455
376,DIGESTIVE MALIGNANCY W/O CC/MCC,22455.35
377,G.I. HEMORRHAGE W MCC,83229.94035
378,G.I. HEMORRHAGE W CC,45154.18566
379,G.I. HEMORRHAGE W/O CC/MCC,22439.30286
380,COMPLICATED PEPTIC ULCER W MCC,117357.04
381,COMPLICATED PEPTIC ULCER W CC,52474.935
382,COMPLICATED PEPTIC ULCER W/O CC/MCC,21279.90333
383,UNCOMPLICATED PEPTIC ULCER W MCC,16320
384,UNCOMPLICATED PEPTIC ULCER W/O MCC,47375.535
385,INFLAMMATORY BOWEL DISEASE W MCC,65404.20786
386,INFLAMMATORY BOWEL DISEASE W CC,32421.59286
387,INFLAMMATORY BOWEL DISEASE W/O CC/MCC,20214.92864
388,G.I. OBSTRUCTION W MCC,42038.4275
389,G.I. OBSTRUCTION W CC,28934.96855
390,G.I. OBSTRUCTION W/O CC/MCC,20320.87183
391,"ESOPHAGITIS, GASTROENT & MISC DIGEST DISORDERS W MCC",42665.24522
392,"ESOPHAGITIS, GASTROENT & MISC DIGEST DISORDERS W/O MCC",24765.46243
393,OTHER DIGESTIVE SYSTEM DIAGNOSES W MCC,61028.62054
394,OTHER DIGESTIVE SYSTEM DIAGNOSES W CC,33526.11957
395,OTHER DIGESTIVE SYSTEM DIAGNOSES W/O CC/MCC,18040.94987
405,"PANCREAS, LIVER & SHUNT PROCEDURES W MCC",339208.0985
406,"PANCREAS, LIVER & SHUNT PROCEDURES W CC",117179.6567
407,"PANCREAS, LIVER & SHUNT PROCEDURES W/O CC/MCC",89666.16
408,BILIARY TRACT PROC EXCEPT ONLY CHOLECYST W OR W/O C.D.E. W MCC,135535.04
409,BILIARY TRACT PROC EXCEPT ONLY CHOLECYST W OR W/O C.D.E. W CC,59788.01
410,BILIARY TRACT PROC EXCEPT ONLY CHOLECYST W OR W/O C.D.E. W/O CC/MCC,101742.03
412,CHOLECYSTECTOMY W C.D.E. W CC,50569.11
414,CHOLECYSTECTOMY EXCEPT BY LAPAROSCOPE W/O C.D.E. W MCC,68184.31
415,CHOLECYSTECTOMY EXCEPT BY LAPAROSCOPE W/O C.D.E. W CC,63592.33286
416,CHOLECYSTECTOMY EXCEPT BY LAPAROSCOPE W/O C.D.E. W/O CC/MCC,30974.5175
417,LAPAROSCOPIC CHOLECYSTECTOMY W/O C.D.E. W MCC,72711.36938
418,LAPAROSCOPIC CHOLECYSTECTOMY W/O C.D.E. W CC,48865.77448
419,LAPAROSCOPIC CHOLECYSTECTOMY W/O C.D.E. W/O CC/MCC,42204.60493
420,HEPATOBILIARY DIAGNOSTIC PROCEDURES W MCC,93855.57
421,HEPATOBILIARY DIAGNOSTIC PROCEDURES W CC,117995
432,CIRRHOSIS & ALCOHOLIC HEPATITIS W MCC,104950.4947
433,CIRRHOSIS & ALCOHOLIC HEPATITIS W CC,40586.654
434,CIRRHOSIS & ALCOHOLIC HEPATITIS W/O CC/MCC,24654
435,MALIGNANCY OF HEPATOBILIARY SYSTEM OR PANCREAS W MCC,75933.7705
436,MALIGNANCY OF HEPATOBILIARY SYSTEM OR PANCREAS W CC,38371.94867
438,DISORDERS OF PANCREAS EXCEPT MALIGNANCY W MCC,76233.47269
439,DISORDERS OF PANCREAS EXCEPT MALIGNANCY W CC,32497.41491
440,DISORDERS OF PANCREAS EXCEPT MALIGNANCY W/O CC/MCC,23639.32774
441,"DISORDERS OF LIVER EXCEPT MALIG,CIRR,ALC HEPA W MCC",69851.0608
442,"DISORDERS OF LIVER EXCEPT MALIG,CIRR,ALC HEPA W CC",37093.49237
443,"DISORDERS OF LIVER EXCEPT MALIG,CIRR,ALC HEPA W/O CC/MCC",27813.46
444,DISORDERS OF THE BILIARY TRACT W MCC,87177.39489
445,DISORDERS OF THE BILIARY TRACT W CC,42194.56527
446,DISORDERS OF THE BILIARY TRACT W/O CC/MCC,24833.70122
453,COMBINED ANTERIOR/POSTERIOR SPINAL FUSION W MCC,65178.07
454,COMBINED ANTERIOR/POSTERIOR SPINAL FUSION W CC,120992.6344
455,COMBINED ANTERIOR/POSTERIOR SPINAL FUSION W/O CC/MCC,76873.18778
456,SPINAL FUS EXC CERV W SPINAL CURV/MALIG/INFEC OR EXT FUS W MCC,189849.08
457,SPINAL FUS EXC CERV W SPINAL CURV/MALIG/INFEC OR EXT FUS W CC,162216.055
458,SPINAL FUS EXC CERV W SPINAL CURV/MALIG/INFEC OR EXT FUS W/O CC/MCC,177554.09
459,SPINAL FUSION EXCEPT CERVICAL W MCC,175354.5633
460,SPINAL FUSION EXCEPT CERVICAL W/O MCC,79286.49439
462,BILATERAL OR MULTIPLE MAJOR JOINT PROCS OF LOWER EXTREMITY W/O MCC,125345.12
463,"WND DEBRID & SKN GRFT EXC HAND, FOR MUSCULO-CONN TISS DIS W MCC",336220.7033
464,"WND DEBRID & SKN GRFT EXC HAND, FOR MUSCULO-CONN TISS DIS W CC",94173.51667
465,"WND DEBRID & SKN GRFT EXC HAND, FOR MUSCULO-CONN TISS DIS W/O CC/MCC",30847.02333
467,REVISION OF HIP OR KNEE REPLACEMENT W CC,99741.852
468,REVISION OF HIP OR KNEE REPLACEMENT W/O CC/MCC,65679.03
469,MAJOR HIP AND KNEE JOINT REPLACEMENT OR REATTACHMENT OF LOWER EXTREMITY W MCC OR TOTAL ANKLE REPLACEMENT,97384.70167
470,MAJOR HIP AND KNEE JOINT REPLACEMENT OR REATTACHMENT OF LOWER EXTREMITY W/O MCC,60914.05448
471,CERVICAL SPINAL FUSION W MCC,121003.065
472,CERVICAL SPINAL FUSION W CC,63696.57808
473,CERVICAL SPINAL FUSION W/O CC/MCC,48877.95833
474,AMPUTATION FOR MUSCULOSKELETAL SYS & CONN TISSUE DIS W MCC,75469.24
475,AMPUTATION FOR MUSCULOSKELETAL SYS & CONN TISSUE DIS W CC,56949.03333
477,BIOPSIES OF MUSCULOSKELETAL SYSTEM & CONNECTIVE TISSUE W MCC,161212.0575
478,BIOPSIES OF MUSCULOSKELETAL SYSTEM & CONNECTIVE TISSUE W CC,70887.15636
479,BIOPSIES OF MUSCULOSKELETAL SYSTEM & CONNECTIVE TISSUE W/O CC/MCC,42202.08
480,HIP & FEMUR PROCEDURES EXCEPT MAJOR JOINT W MCC,127963.4488
481,HIP & FEMUR PROCEDURES EXCEPT MAJOR JOINT W CC,66847.35658
482,HIP & FEMUR PROCEDURES EXCEPT MAJOR JOINT W/O CC/MCC,47931.06833
483,MAJOR JOINT/LIMB REATTACHMENT PROCEDURE OF UPPER EXTREMITIES,54097.21074
485,KNEE PROCEDURES W PDX OF INFECTION W MCC,139827.11
486,KNEE PROCEDURES W PDX OF INFECTION W CC,61985.03
488,KNEE PROCEDURES W/O PDX OF INFECTION W CC/MCC,210487.1
489,KNEE PROCEDURES W/O PDX OF INFECTION W/O CC/MCC,36866.77
492,"LOWER EXTREM & HUMER PROC EXCEPT HIP,FOOT,FEMUR W MCC",117552.3275
493,"LOWER EXTREM & HUMER PROC EXCEPT HIP,FOOT,FEMUR W CC",52340.52917
494,"LOWER EXTREM & HUMER PROC EXCEPT HIP,FOOT,FEMUR W/O CC/MCC",42592.65357
497,LOCAL EXCISION & REMOVAL INT FIX DEVICES EXC HIP & FEMUR W/O CC/MCC,43383.025
500,SOFT TISSUE PROCEDURES W MCC,53032.7
501,SOFT TISSUE PROCEDURES W CC,59615.3575
502,SOFT TISSUE PROCEDURES W/O CC/MCC,36258.73286
504,FOOT PROCEDURES W CC,35248.04
505,FOOT PROCEDURES W/O CC/MCC,76327.04
506,MAJOR THUMB OR JOINT PROCEDURES,41339
510,"SHOULDER,ELBOW OR FOREARM PROC,EXC MAJOR JOINT PROC W MCC",160348.59
511,"SHOULDER,ELBOW OR FOREARM PROC,EXC MAJOR JOINT PROC W CC",47045.94833
512,"SHOULDER,ELBOW OR FOREARM PROC,EXC MAJOR JOINT PROC W/O CC/MCC",36631.12111
513,"HAND OR WRIST PROC, EXCEPT MAJOR THUMB OR JOINT PROC W CC/MCC",19276
514,"HAND OR WRIST PROC, EXCEPT MAJOR THUMB OR JOINT PROC W/O CC/MCC",27438.04
515,OTHER MUSCULOSKELET SYS & CONN TISS O.R. PROC W MCC,92648.825
516,OTHER MUSCULOSKELET SYS & CONN TISS O.R. PROC W CC,166455.0362
517,OTHER MUSCULOSKELET SYS & CONN TISS O.R. PROC W/O CC/MCC,41661.61241
518,BACK & NECK PROC EXC SPINAL FUSION W MCC OR DISC DEVICE/NEUROSTIM,51093.03
519,BACK & NECK PROC EXC SPINAL FUSION W CC,57198.1025
520,BACK & NECK PROC EXC SPINAL FUSION W/O CC/MCC,37818.62622
534,FRACTURES OF FEMUR W/O MCC,24126.46
535,FRACTURES OF HIP & PELVIS W MCC,47209.74714
536,FRACTURES OF HIP & PELVIS W/O MCC,30863.57862
537,"SPRAINS, STRAINS, & DISLOCATIONS OF HIP, PELVIS & THIGH W CC/MCC",110919.02
538,"SPRAINS, STRAINS, & DISLOCATIONS OF HIP, PELVIS & THIGH W/O CC/MCC",21742.03
539,OSTEOMYELITIS W MCC,95572.44167
540,OSTEOMYELITIS W CC,83268.15875
541,OSTEOMYELITIS W/O CC/MCC,24357.535
542,PATHOLOGICAL FRACTURES & MUSCULOSKELET & CONN TISS MALIG W MCC,80758.46059
543,PATHOLOGICAL FRACTURES & MUSCULOSKELET & CONN TISS MALIG W CC,43564.52643
544,PATHOLOGICAL FRACTURES & MUSCULOSKELET & CONN TISS MALIG W/O CC/MCC,27729.34667
545,CONNECTIVE TISSUE DISORDERS W MCC,140171.5473
546,CONNECTIVE TISSUE DISORDERS W CC,60513.78042
547,CONNECTIVE TISSUE DISORDERS W/O CC/MCC,28665.47091
548,SEPTIC ARTHRITIS W MCC,77146.09
549,SEPTIC ARTHRITIS W CC,15340.03
550,SEPTIC ARTHRITIS W/O CC/MCC,21287.01
551,MEDICAL BACK PROBLEMS W MCC,57048.13294
552,MEDICAL BACK PROBLEMS W/O MCC,31763.48733
553,BONE DISEASES & ARTHROPATHIES W MCC,93080.83
554,BONE DISEASES & ARTHROPATHIES W/O MCC,27460.88323
555,SIGNS & SYMPTOMS OF MUSCULOSKELETAL SYSTEM & CONN TISSUE W MCC,46575.84
556,SIGNS & SYMPTOMS OF MUSCULOSKELETAL SYSTEM & CONN TISSUE W/O MCC,21739.77571
557,"TENDONITIS, MYOSITIS & BURSITIS W MCC",134322.04
558,"TENDONITIS, MYOSITIS & BURSITIS W/O MCC",31066.2848
559,"AFTERCARE, MUSCULOSKELETAL SYSTEM & CONNECTIVE TISSUE W MCC",68941.545
560,"AFTERCARE, MUSCULOSKELETAL SYSTEM & CONNECTIVE TISSUE W CC",36659.05
561,"AFTERCARE, MUSCULOSKELETAL SYSTEM & CONNECTIVE TISSUE W/O CC/MCC",19049.01
562,"FX, SPRN, STRN & DISL EXCEPT FEMUR, HIP, PELVIS & THIGH W MCC",30995.775
563,"FX, SPRN, STRN & DISL EXCEPT FEMUR, HIP, PELVIS & THIGH W/O MCC",26800.72488
564,OTHER MUSCULOSKELETAL SYS & CONNECTIVE TISSUE DIAGNOSES W MCC,57380.852
565,OTHER MUSCULOSKELETAL SYS & CONNECTIVE TISSUE DIAGNOSES W CC,39876.81867
566,OTHER MUSCULOSKELETAL SYS & CONNECTIVE TISSUE DIAGNOSES W/O CC/MCC,20068.885
570,SKIN DEBRIDEMENT W MCC,51528.79333
571,SKIN DEBRIDEMENT W CC,24608.515
572,SKIN DEBRIDEMENT W/O CC/MCC,32688.88167
574,SKIN GRAFT FOR SKIN ULCER OR CELLULITIS W CC,79969.08
579,"OTHER SKIN, SUBCUT TISS & BREAST PROC W MCC",61636.99455
580,"OTHER SKIN, SUBCUT TISS & BREAST PROC W CC",40031.53592
581,"OTHER SKIN, SUBCUT TISS & BREAST PROC W/O CC/MCC",34528.26023
582,MASTECTOMY FOR MALIGNANCY W CC/MCC,36402.86714
583,MASTECTOMY FOR MALIGNANCY W/O CC/MCC,41469.927
584,"BREAST BIOPSY, LOCAL EXCISION & OTHER BREAST PROCEDURES W CC/MCC",54043.01
585,"BREAST BIOPSY, LOCAL EXCISION & OTHER BREAST PROCEDURES W/O CC/MCC",43694.01571
592,SKIN ULCERS W MCC,33714.324
593,SKIN ULCERS W CC,37842.73
595,MAJOR SKIN DISORDERS W MCC,34516.05
596,MAJOR SKIN DISORDERS W/O MCC,26564.0475
597,MALIGNANT BREAST DISORDERS W MCC,46949.285
598,MALIGNANT BREAST DISORDERS W CC,98239
599,MALIGNANT BREAST DISORDERS W/O CC/MCC,21077
600,NON-MALIGNANT BREAST DISORDERS W CC/MCC,24045.5
601,NON-MALIGNANT BREAST DISORDERS W/O CC/MCC,18163.015
602,CELLULITIS W MCC,63881.82294
603,CELLULITIS W/O MCC,24785.84934
604,"TRAUMA TO THE SKIN, SUBCUT TISS & BREAST W MCC",25587.51
605,"TRAUMA TO THE SKIN, SUBCUT TISS & BREAST W/O MCC",24100.82667
606,MINOR SKIN DISORDERS W MCC,23421.03
607,MINOR SKIN DISORDERS W/O MCC,21053.21
614,ADRENAL & PITUITARY PROCEDURES W CC/MCC,40243.09
615,ADRENAL & PITUITARY PROCEDURES W/O CC/MCC,41063.576
616,"AMPUTAT OF LOWER LIMB FOR ENDOCRINE,NUTRIT,& METABOL DIS W MCC",273120.2833
617,"AMPUTAT OF LOWER LIMB FOR ENDOCRINE,NUTRIT,& METABOL DIS W CC",54613.44222
620,O.R. PROCEDURES FOR OBESITY W CC,47891.914
621,O.R. PROCEDURES FOR OBESITY W/O CC/MCC,37112.49688
622,"SKIN GRAFTS & WOUND DEBRID FOR ENDOC, NUTRIT & METAB DIS W MCC",95352.27
623,"SKIN GRAFTS & WOUND DEBRID FOR ENDOC, NUTRIT & METAB DIS W CC",46578.685
625,"THYROID, PARATHYROID & THYROGLOSSAL PROCEDURES W MCC",67075.015
626,"THYROID, PARATHYROID & THYROGLOSSAL PROCEDURES W CC",44504.34
627,"THYROID, PARATHYROID & THYROGLOSSAL PROCEDURES W/O CC/MCC",32145.32
628,"OTHER ENDOCRINE, NUTRIT & METAB O.R. PROC W MCC",114125.925
629,"OTHER ENDOCRINE, NUTRIT & METAB O.R. PROC W CC",66341.83364
630,"OTHER ENDOCRINE, NUTRIT & METAB O.R. PROC W/O CC/MCC",23955.03
637,DIABETES W MCC,62239.22978
638,DIABETES W CC,34516.58117
639,DIABETES W/O CC/MCC,23945.19122
640,"MISC DISORDERS OF NUTRITION,METABOLISM,FLUIDS/ELECTROLYTES W MCC",48444.47365
641,"MISC DISORDERS OF NUTRITION,METABOLISM,FLUIDS/ELECTROLYTES W/O MCC",24712.52742
642,INBORN AND OTHER DISORDERS OF METABOLISM,44789.89909
643,ENDOCRINE DISORDERS W MCC,73489.26879
644,ENDOCRINE DISORDERS W CC,37563.90543
645,ENDOCRINE DISORDERS W/O CC/MCC,25542.79714
653,MAJOR BLADDER PROCEDURES W MCC,226393.8925
654,MAJOR BLADDER PROCEDURES W CC,63225.61714
655,MAJOR BLADDER PROCEDURES W/O CC/MCC,68416.862
656,KIDNEY & URETER PROCEDURES FOR NEOPLASM W MCC,116118.9
657,KIDNEY & URETER PROCEDURES FOR NEOPLASM W CC,48322.50263
658,KIDNEY & URETER PROCEDURES FOR NEOPLASM W/O CC/MCC,40414.64392
659,KIDNEY & URETER PROCEDURES FOR NON-NEOPLASM W MCC,189939.7167
660,KIDNEY & URETER PROCEDURES FOR NON-NEOPLASM W CC,41164.09207
661,KIDNEY & URETER PROCEDURES FOR NON-NEOPLASM W/O CC/MCC,40654.25059
662,MINOR BLADDER PROCEDURES W MCC,180841.42
664,MINOR BLADDER PROCEDURES W/O CC/MCC,33829.71667
665,PROSTATECTOMY W MCC,58525.41
666,PROSTATECTOMY W CC,76187.44667
668,TRANSURETHRAL PROCEDURES W MCC,165211.4033
669,TRANSURETHRAL PROCEDURES W CC,45476.62556
670,TRANSURETHRAL PROCEDURES W/O CC/MCC,25892.19167
671,URETHRAL PROCEDURES W CC/MCC,28326.085
672,URETHRAL PROCEDURES W/O CC/MCC,52642.015
673,OTHER KIDNEY & URINARY TRACT PROCEDURES W MCC,153853.6461
674,OTHER KIDNEY & URINARY TRACT PROCEDURES W CC,93720.05
675,OTHER KIDNEY & URINARY TRACT PROCEDURES W/O CC/MCC,38056.045
682,RENAL FAILURE W MCC,57297.76116
683,RENAL FAILURE W CC,36394.97191
684,RENAL FAILURE W/O CC/MCC,25924.06433
686,KIDNEY & URINARY TRACT NEOPLASMS W MCC,54442.86
687,KIDNEY & URINARY TRACT NEOPLASMS W CC,79692.238
689,KIDNEY & URINARY TRACT INFECTIONS W MCC,47413.2218
690,KIDNEY & URINARY TRACT INFECTIONS W/O MCC,26529.2365
691,URINARY STONES W ESW LITHOTRIPSY W CC/MCC,24855.37667
692,URINARY STONES W ESW LITHOTRIPSY W/O CC/MCC,16759.01
693,URINARY STONES W/O ESW LITHOTRIPSY W MCC,26732.06
694,URINARY STONES W/O ESW LITHOTRIPSY W/O MCC,26261.85911
695,KIDNEY & URINARY TRACT SIGNS & SYMPTOMS W MCC,35288.53
696,KIDNEY & URINARY TRACT SIGNS & SYMPTOMS W/O MCC,19384.76429
697,URETHRAL STRICTURE,38231.06
698,OTHER KIDNEY & URINARY TRACT DIAGNOSES W MCC,70359.99631
699,OTHER KIDNEY & URINARY TRACT DIAGNOSES W CC,33565.74111
700,OTHER KIDNEY & URINARY TRACT DIAGNOSES W/O CC/MCC,29505.69538
707,MAJOR MALE PELVIC PROCEDURES W CC/MCC,50433.429
708,MAJOR MALE PELVIC PROCEDURES W/O CC/MCC,44956.85806
710,PENIS PROCEDURES W/O CC/MCC,36171.76125
712,TESTES PROCEDURES W/O CC/MCC,23252.614
713,TRANSURETHRAL PROSTATECTOMY W CC/MCC,26063.508
714,TRANSURETHRAL PROSTATECTOMY W/O CC/MCC,22839.81
717,OTHER MALE REPRODUCTIVE SYSTEM O.R. PROC EXC MALIGNANCY W CC/MCC,61629.69
718,OTHER MALE REPRODUCTIVE SYSTEM O.R. PROC EXC MALIGNANCY W/O CC/MCC,53159.01
722,"MALIGNANCY, MALE REPRODUCTIVE SYSTEM W MCC",37972.04
723,"MALIGNANCY, MALE REPRODUCTIVE SYSTEM W CC",87273.685
725,BENIGN PROSTATIC HYPERTROPHY W MCC,36724.28
726,BENIGN PROSTATIC HYPERTROPHY W/O MCC,24724.43333
728,INFLAMMATION OF THE MALE REPRODUCTIVE SYSTEM W/O MCC,21724.4835
729,OTHER MALE REPRODUCTIVE SYSTEM DIAGNOSES W CC/MCC,20417.52
734,"PELVIC EVISCERATION, RAD HYSTERECTOMY & RAD VULVECTOMY W CC/MCC",43139.0275
735,"PELVIC EVISCERATION, RAD HYSTERECTOMY & RAD VULVECTOMY W/O CC/MCC",37094.515
736,UTERINE & ADNEXA PROC FOR OVARIAN OR ADNEXAL MALIGNANCY W MCC,112228.39
737,UTERINE & ADNEXA PROC FOR OVARIAN OR ADNEXAL MALIGNANCY W CC,60186.55
738,UTERINE & ADNEXA PROC FOR OVARIAN OR ADNEXAL MALIGNANCY W/O CC/MCC,49813.822
739,"UTERINE,ADNEXA PROC FOR NON-OVARIAN/ADNEXAL MALIG W MCC",274756.18
740,"UTERINE,ADNEXA PROC FOR NON-OVARIAN/ADNEXAL MALIG W CC",47415.71167
741,"UTERINE,ADNEXA PROC FOR NON-OVARIAN/ADNEXAL MALIG W/O CC/MCC",34915.7675
742,UTERINE & ADNEXA PROC FOR NON-MALIGNANCY W CC/MCC,48672.74963
743,UTERINE & ADNEXA PROC FOR NON-MALIGNANCY W/O CC/MCC,35447.44943
744,"D&C, CONIZATION, LAPAROSCOPY & TUBAL INTERRUPTION W CC/MCC",60600.32857
745,"D&C, CONIZATION, LAPAROSCOPY & TUBAL INTERRUPTION W/O CC/MCC",26739.35
746,"VAGINA, CERVIX & VULVA PROCEDURES W CC/MCC",17047.02
747,"VAGINA, CERVIX & VULVA PROCEDURES W/O CC/MCC",9674
748,FEMALE REPRODUCTIVE SYSTEM RECONSTRUCTIVE PROCEDURES,29065.515
749,OTHER FEMALE REPRODUCTIVE SYSTEM O.R. PROCEDURES W CC/MCC,103668.4367
750,OTHER FEMALE REPRODUCTIVE SYSTEM O.R. PROCEDURES W/O CC/MCC,63011.26
754,"MALIGNANCY, FEMALE REPRODUCTIVE SYSTEM W MCC",57099.69667
755,"MALIGNANCY, FEMALE REPRODUCTIVE SYSTEM W CC",39371.38667
756,"MALIGNANCY, FEMALE REPRODUCTIVE SYSTEM W/O CC/MCC",41585.02
757,"INFECTIONS, FEMALE REPRODUCTIVE SYSTEM W MCC",32125.53
758,"INFECTIONS, FEMALE REPRODUCTIVE SYSTEM W CC",48015.63714
759,"INFECTIONS, FEMALE REPRODUCTIVE SYSTEM W/O CC/MCC",22673.74
760,MENSTRUAL & OTHER FEMALE REPRODUCTIVE SYSTEM DISORDERS W CC/MCC,25453.52417
761,MENSTRUAL & OTHER FEMALE REPRODUCTIVE SYSTEM DISORDERS W/O CC/MCC,28972.87714
765,CESAREAN SECTION W CC/MCC,43262.98383
766,CESAREAN SECTION W/O CC/MCC,34530.9439
767,VAGINAL DELIVERY W STERILIZATION &/OR D&C,39701.07172
768,VAGINAL DELIVERY W O.R. PROC EXCEPT STERIL &/OR D&C,89754.704
769,POSTPARTUM & POST ABORTION DIAGNOSES W O.R. PROCEDURE,53858.38571
770,"ABORTION W D&C, ASPIRATION CURETTAGE OR HYSTEROTOMY",24336.89522
774,VAGINAL DELIVERY W COMPLICATING DIAGNOSES,30269.74154
775,VAGINAL DELIVERY W/O COMPLICATING DIAGNOSES,25167.52838
776,POSTPARTUM & POST ABORTION DIAGNOSES W/O O.R. PROCEDURE,15611.0009
777,ECTOPIC PREGNANCY,41213.37
778,THREATENED ABORTION,8642.144891
779,ABORTION W/O D&C,24142.19611
781,OTHER ANTEPARTUM DIAGNOSES W MEDICAL COMPLICATIONS,17892.34928
782,OTHER ANTEPARTUM DIAGNOSES W/O MEDICAL COMPLICATIONS,11591.14647
789,"NEONATES, DIED OR TRANSFERRED TO ANOTHER ACUTE CARE FACILITY",298203.3409
790,"EXTREME IMMATURITY OR RESPIRATORY DISTRESS SYNDROME, NEONATE",446800.6657
791,PREMATURITY W MAJOR PROBLEMS,113242.2182
792,PREMATURITY W/O MAJOR PROBLEMS,53084.33311
793,FULL TERM NEONATE W MAJOR PROBLEMS,48153.69577
794,NEONATE W OTHER SIGNIFICANT PROBLEMS,10992.34059
795,NORMAL NEWBORN,7358.728398
802,OTHER O.R. PROC OF THE BLOOD & BLOOD FORMING ORGANS W MCC,152155.84
803,OTHER O.R. PROC OF THE BLOOD & BLOOD FORMING ORGANS W CC,51828.535
804,OTHER O.R. PROC OF THE BLOOD & BLOOD FORMING ORGANS W/O CC/MCC,33320.5
808,MAJOR HEMATOL/IMMUN DIAG EXC SICKLE CELL CRISIS & COAGUL W MCC,70445.95727
809,MAJOR HEMATOL/IMMUN DIAG EXC SICKLE CELL CRISIS & COAGUL W CC,37151.4281
810,MAJOR HEMATOL/IMMUN DIAG EXC SICKLE CELL CRISIS & COAGUL W/O CC/MCC,45769.85462
811,RED BLOOD CELL DISORDERS W MCC,51351.23655
812,RED BLOOD CELL DISORDERS W/O MCC,30935.45964
813,COAGULATION DISORDERS,59830.44651
814,RETICULOENDOTHELIAL & IMMUNITY DISORDERS W MCC,50563.29364
815,RETICULOENDOTHELIAL & IMMUNITY DISORDERS W CC,32327.72571
816,RETICULOENDOTHELIAL & IMMUNITY DISORDERS W/O CC/MCC,18344.82818
820,LYMPHOMA & LEUKEMIA W MAJOR O.R. PROCEDURE W MCC,169688.345
821,LYMPHOMA & LEUKEMIA W MAJOR O.R. PROCEDURE W CC,61636.55
822,LYMPHOMA & LEUKEMIA W MAJOR O.R. PROCEDURE W/O CC/MCC,68175.5425
823,LYMPHOMA & NON-ACUTE LEUKEMIA W OTHER PROC W MCC,286066.595
824,LYMPHOMA & NON-ACUTE LEUKEMIA W OTHER PROC W CC,93759.9375
825,LYMPHOMA & NON-ACUTE LEUKEMIA W OTHER PROC W/O CC/MCC,88610.565
826,MYELOPROLIF DISORD OR POORLY DIFF NEOPL W MAJ O.R. PROC W MCC,114606.01
827,MYELOPROLIF DISORD OR POORLY DIFF NEOPL W MAJ O.R. PROC W CC,78601.89286
828,MYELOPROLIF DISORD OR POORLY DIFF NEOPL W MAJ O.R. PROC W/O CC/MCC,41657.025
829,MYELOPROLIFERATIVE DISORDERS OR POORLY DIFFERENTIATED NEOPLASMS W OTHER PROCEDURE W CC/MCC,182844.7314
830,MYELOPROLIFERATIVE DISORDERS OR POORLY DIFFERENTIATED NEOPLASMS W OTHER PROCEDURE W/O CC/MCC,47211.02
834,ACUTE LEUKEMIA W/O MAJOR O.R. PROCEDURE W MCC,281187.5191
835,ACUTE LEUKEMIA W/O MAJOR O.R. PROCEDURE W CC,141874.7417
836,ACUTE LEUKEMIA W/O MAJOR O.R. PROCEDURE W/O CC/MCC,30625.015
837,CHEMO W ACUTE LEUKEMIA AS SDX OR W HIGH DOSE CHEMO AGENT W MCC,359273.22
838,CHEMO W ACUTE LEUKEMIA AS SDX W CC OR HIGH DOSE CHEMO AGENT,26702.292
839,CHEMO W ACUTE LEUKEMIA AS SDX W/O CC/MCC,49903.33
840,LYMPHOMA & NON-ACUTE LEUKEMIA W MCC,74133.69063
841,LYMPHOMA & NON-ACUTE LEUKEMIA W CC,61509.25357
843,OTHER MYELOPROLIF DIS OR POORLY DIFF NEOPL DIAG W MCC,118952.1486
844,OTHER MYELOPROLIF DIS OR POORLY DIFF NEOPL DIAG W CC,44353.28
846,CHEMOTHERAPY W/O ACUTE LEUKEMIA AS SECONDARY DIAGNOSIS W MCC,84799.44105
847,CHEMOTHERAPY W/O ACUTE LEUKEMIA AS SECONDARY DIAGNOSIS W CC,50821.96667
853,INFECTIOUS & PARASITIC DISEASES W O.R. PROCEDURE W MCC,207586.3794
854,INFECTIOUS & PARASITIC DISEASES W O.R. PROCEDURE W CC,65187.92273
855,INFECTIOUS & PARASITIC DISEASES W O.R. PROCEDURE W/O CC/MCC,40800.228
856,POSTOPERATIVE OR POST-TRAUMATIC INFECTIONS W O.R. PROC W MCC,205286.8382
857,POSTOPERATIVE OR POST-TRAUMATIC INFECTIONS W O.R. PROC W CC,52806.408
862,POSTOPERATIVE & POST-TRAUMATIC INFECTIONS W MCC,112052.2446
863,POSTOPERATIVE & POST-TRAUMATIC INFECTIONS W/O MCC,45140.18
864,FEVER,28434.93533
865,VIRAL ILLNESS W MCC,63203.44364
866,VIRAL ILLNESS W/O MCC,21073.45958
867,OTHER INFECTIOUS & PARASITIC DISEASES DIAGNOSES W MCC,120152.57
868,OTHER INFECTIOUS & PARASITIC DISEASES DIAGNOSES W CC,20889.705
869,OTHER INFECTIOUS & PARASITIC DISEASES DIAGNOSES W/O CC/MCC,48061.58
870,SEPTICEMIA OR SEVERE SEPSIS W MV >96 HOURS,214701.8697
871,SEPTICEMIA OR SEVERE SEPSIS W/O MV >96 HOURS W MCC,80874.18153
872,SEPTICEMIA OR SEVERE SEPSIS W/O MV >96 HOURS W/O MCC,41384.8938
876,O.R. PROCEDURE W PRINCIPAL DIAGNOSES OF MENTAL ILLNESS,68883.028
880,ACUTE ADJUSTMENT REACTION & PSYCHOSOCIAL DYSFUNCTION,19626.2575
881,DEPRESSIVE NEUROSES,15938.60884
882,NEUROSES EXCEPT DEPRESSIVE,13002.925
883,DISORDERS OF PERSONALITY & IMPULSE CONTROL,20558.36214
884,ORGANIC DISTURBANCES & INTELLECTUAL DISABILITY,40567.80511
885,PSYCHOSES,29286.32701
886,BEHAVIORAL & DEVELOPMENTAL DISORDERS,16302.00375
894,"ALCOHOL/DRUG ABUSE OR DEPENDENCE, LEFT AMA",27409.42696
896,ALCOHOL/DRUG ABUSE OR DEPENDENCE W/O REHABILITATION THERAPY W MCC,83543.47
897,ALCOHOL/DRUG ABUSE OR DEPENDENCE W/O REHABILITATION THERAPY W/O MCC,28786.52556
901,WOUND DEBRIDEMENTS FOR INJURIES W MCC,50234.04
902,WOUND DEBRIDEMENTS FOR INJURIES W CC,97037.88
903,WOUND DEBRIDEMENTS FOR INJURIES W/O CC/MCC,30572.015
906,HAND PROCEDURES FOR INJURIES,53957.01
907,OTHER O.R. PROCEDURES FOR INJURIES W MCC,122935.9781
908,OTHER O.R. PROCEDURES FOR INJURIES W CC,74816.31136
909,OTHER O.R. PROCEDURES FOR INJURIES W/O CC/MCC,30575.02625
913,TRAUMATIC INJURY W MCC,8604
914,TRAUMATIC INJURY W/O MCC,16551.2525
915,ALLERGIC REACTIONS W MCC,93237.238
916,ALLERGIC REACTIONS W/O MCC,22418.52056
917,POISONING & TOXIC EFFECTS OF DRUGS W MCC,70695.59543
918,POISONING & TOXIC EFFECTS OF DRUGS W/O MCC,27501.90776
919,COMPLICATIONS OF TREATMENT W MCC,72140.5559
920,COMPLICATIONS OF TREATMENT W CC,43611.21892
921,COMPLICATIONS OF TREATMENT W/O CC/MCC,15967.21467
922,"OTHER INJURY, POISONING & TOXIC EFFECT DIAG W MCC",69567.034
923,"OTHER INJURY, POISONING & TOXIC EFFECT DIAG W/O MCC",13471.01
935,NON-EXTENSIVE BURNS,6920.02
940,O.R. PROC W DIAGNOSES OF OTHER CONTACT W HEALTH SERVICES W CC,44189.05
947,SIGNS & SYMPTOMS W MCC,33094.36833
948,SIGNS & SYMPTOMS W/O MCC,23105.45571
950,AFTERCARE W/O CC/MCC,30880.01
951,OTHER FACTORS INFLUENCING HEALTH STATUS,27504.58
955,CRANIOTOMY FOR MULTIPLE SIGNIFICANT TRAUMA,600547.91
956,"LIMB REATTACHMENT, HIP & FEMUR PROC FOR MULTIPLE SIGNIFICANT TRAUMA",165710.9091
957,OTHER O.R. PROCEDURES FOR MULTIPLE SIGNIFICANT TRAUMA W MCC,273613.6588
958,OTHER O.R. PROCEDURES FOR MULTIPLE SIGNIFICANT TRAUMA W CC,230956.3529
963,OTHER MULTIPLE SIGNIFICANT TRAUMA W MCC,109116.2971
964,OTHER MULTIPLE SIGNIFICANT TRAUMA W CC,38259.34857
965,OTHER MULTIPLE SIGNIFICANT TRAUMA W/O CC/MCC,33628.246
969,HIV W EXTENSIVE O.R. PROCEDURE W MCC,160302.87
974,HIV W MAJOR RELATED CONDITION W MCC,91644.3075
975,HIV W MAJOR RELATED CONDITION W CC,56664.668
976,HIV W MAJOR RELATED CONDITION W/O CC/MCC,12998.02
977,HIV W OR W/O OTHER RELATED CONDITION,41917.832
981,EXTENSIVE O.R. PROCEDURE UNRELATED TO PRINCIPAL DIAGNOSIS W MCC,189810.1852
982,EXTENSIVE O.R. PROCEDURE UNRELATED TO PRINCIPAL DIAGNOSIS W CC,67394.3487
983,EXTENSIVE O.R. PROCEDURE UNRELATED TO PRINCIPAL DIAGNOSIS W/O CC/MCC,39152.02214
987,NON-EXTENSIVE O.R. PROC UNRELATED TO PRINCIPAL DIAGNOSIS W MCC,142331.0154
988,NON-EXTENSIVE O.R. PROC UNRELATED TO PRINCIPAL DIAGNOSIS W CC,49234.7935
989,NON-EXTENSIVE O.R. PROC UNRELATED TO PRINCIPAL DIAGNOSIS W/O CC/MCC,24251.63875
