DRG NUMBER,DRG DESCRIPTION,AVERAGE CHARGE
MS001,HEART TRANSPLANT OR IMPLANT OF HEART ASSIST SYSTEM W MCC,"$438,276.00"
MS003,"ECMO OR TRACH W MV >96 HRS OR PDX EXC FACE, MOUTH & NECK W MAJ O.R.","$1,034,514.00"
MS004,"TRACH W MV >96 HRS OR PDX EXC FACE, MOUTH & NECK W/O MAJ O.R.","$549,399.00"
MS005,LIVER TRANSPLANT W MCC OR INTESTINAL TRANSPLANT,"$683,884.00"
MS006,LIVER TRANSPLANT W/O MCC,"$398,900.00"
MS011,"TRACHEOSTOMY FOR FACE, MOUTH & NECK DIAGNOSES OR LARYNGECTOMY W MCC","$285,682.00"
MS012,"TRACHEOSTOMY FOR FACE, MOUTH & NECK DIAGNOSES OR LARYNGECTOMY W CC","$193,637.00"
MS013,"TRACHEOSTOMY FOR FACE, MOUTH & NECK DIAGNOSES OR LARYNGECTOMY W/O CC/MCC","$140,582.00"
MS020,INTRACRANIAL VASCULAR PROCEDURES W PDX HEMORRHAGE W MCC,"$313,100.00"
MS021,INTRACRANIAL VASCULAR PROCEDURES W PDX HEMORRHAGE W CC,"$224,346.00"
MS022,INTRACRANIAL VASCULAR PROCEDURES W PDX HEMORRHAGE W/O CC/MCC,"$157,959.00"
MS023,CRANIOTOMY W MAJOR DEVICE IMPLANT OR ACUTE COMPLEX CNS PDX W MCC OR CHEMOTHERAPY IMPLANT OR EPILEPSY W NEUROSTIMULATOR,"$152,795.00"
MS024,CRANIO W MAJOR DEV IMPL/ACUTE COMPLEX CNS PDX W/O MCC,"$105,277.00"
MS025,CRANIOTOMY & ENDOVASCULAR INTRACRANIAL PROCEDURES W MCC,"$160,679.00"
MS026,CRANIOTOMY & ENDOVASCULAR INTRACRANIAL PROCEDURES W CC,"$71,567.00"
MS027,CRANIOTOMY & ENDOVASCULAR INTRACRANIAL PROCEDURES W/O CC/MCC,"$72,684.00"
MS028,SPINAL PROCEDURES W MCC,"$367,500.00"
MS029,SPINAL PROCEDURES W CC OR SPINAL NEUROSTIMULATORS,"$133,276.00"
MS030,SPINAL PROCEDURES W/O CC/MCC,"$53,161.00"
MS031,VENTRICULAR SHUNT PROCEDURES W MCC,"$162,198.00"
MS033,VENTRICULAR SHUNT PROCEDURES W/O CC/MCC,"$43,141.00"
MS035,CAROTID ARTERY STENT PROCEDURE W CC,"$74,269.00"
MS037,EXTRACRANIAL PROCEDURES W MCC,"$158,152.00"
MS038,EXTRACRANIAL PROCEDURES W CC,"$79,791.00"
MS039,EXTRACRANIAL PROCEDURES W/O CC/MCC,"$51,657.00"
MS040,PERIPH/CRANIAL NERVE & OTHER NERV SYST PROC W MCC,"$159,333.00"
MS041,PERIPH/CRANIAL NERVE & OTHER NERV SYST PROC W CC OR PERIPH NEUROSTIM,"$82,570.00"
MS042,PERIPH/CRANIAL NERVE & OTHER NERV SYST PROC W/O CC/MCC,"$56,022.00"
MS052,SPINAL DISORDERS & INJURIES W CC/MCC,"$73,346.00"
MS053,SPINAL DISORDERS & INJURIES W/O CC/MCC,"$27,531.00"
MS054,NERVOUS SYSTEM NEOPLASMS W MCC,"$74,541.00"
MS055,NERVOUS SYSTEM NEOPLASMS W/O MCC,"$35,856.00"
MS056,DEGENERATIVE NERVOUS SYSTEM DISORDERS W MCC,"$62,425.00"
MS057,DEGENERATIVE NERVOUS SYSTEM DISORDERS W/O MCC,"$41,104.00"
MS058,MULTIPLE SCLEROSIS & CEREBELLAR ATAXIA W MCC,"$219,550.00"
MS059,MULTIPLE SCLEROSIS & CEREBELLAR ATAXIA W CC,"$27,848.00"
MS060,MULTIPLE SCLEROSIS & CEREBELLAR ATAXIA W/O CC/MCC,"$43,750.00"
MS061,"ISCHEMIC STROKE, PRECEREBRAL OCCLUSION OR TRANSIENT ISCHEMIA W THROMBOLYTIC AGENT W MCC","$73,319.00"
MS062,"ISCHEMIC STROKE, PRECEREBRAL OCCLUSION OR TRANSIENT ISCHEMIA W THROMBOLYTIC AGENT W CC","$60,235.00"
MS064,INTRACRANIAL HEMORRHAGE OR CEREBRAL INFARCTION W MCC,"$63,005.00"
MS065,INTRACRANIAL HEMORRHAGE OR CEREBRAL INFARCTION W CC OR TPA IN 24 HRS,"$38,342.00"
MS066,INTRACRANIAL HEMORRHAGE OR CEREBRAL INFARCTION W/O CC/MCC,"$29,571.00"
MS068,NONSPECIFIC CVA & PRECEREBRAL OCCLUSION W/O INFARCT W/O MCC,"$76,834.00"
MS069,TRANSIENT ISCHEMIA W/O THROMBOLYTIC,"$27,604.00"
MS070,NONSPECIFIC CEREBROVASCULAR DISORDERS W MCC,"$70,844.00"
MS071,NONSPECIFIC CEREBROVASCULAR DISORDERS W CC,"$49,676.00"
MS072,NONSPECIFIC CEREBROVASCULAR DISORDERS W/O CC/MCC,"$19,600.00"
MS073,CRANIAL & PERIPHERAL NERVE DISORDERS W MCC,"$38,414.00"
MS074,CRANIAL & PERIPHERAL NERVE DISORDERS W/O MCC,"$37,552.00"
MS076,VIRAL MENINGITIS W/O CC/MCC,"$29,194.00"
MS078,HYPERTENSIVE ENCEPHALOPATHY W CC,"$32,128.00"
MS080,NONTRAUMATIC STUPOR & COMA W MCC,"$58,781.00"
MS082,"TRAUMATIC STUPOR & COMA, COMA >1 HR W MCC","$128,520.00"
MS083,"TRAUMATIC STUPOR & COMA, COMA >1 HR W CC","$73,736.00"
MS084,"TRAUMATIC STUPOR & COMA, COMA >1 HR W/O CC/MCC","$39,594.00"
MS085,"TRAUMATIC STUPOR & COMA, COMA <1 HR W MCC","$81,315.00"
MS086,"TRAUMATIC STUPOR & COMA, COMA <1 HR W CC","$41,432.00"
MS087,"TRAUMATIC STUPOR & COMA, COMA <1 HR W/O CC/MCC","$26,061.00"
MS088,CONCUSSION W MCC,"$52,496.00"
MS089,CONCUSSION W CC,"$39,740.00"
MS090,CONCUSSION W/O CC/MCC,"$25,741.00"
MS091,OTHER DISORDERS OF NERVOUS SYSTEM W MCC,"$33,243.00"
MS092,OTHER DISORDERS OF NERVOUS SYSTEM W CC,"$34,704.00"
MS093,OTHER DISORDERS OF NERVOUS SYSTEM W/O CC/MCC,"$36,790.00"
MS094,BACTERIAL & TUBERCULOUS INFECTIONS OF NERVOUS SYSTEM W MCC,"$72,097.00"
MS095,BACTERIAL & TUBERCULOUS INFECTIONS OF NERVOUS SYSTEM W CC,"$37,400.00"
MS096,BACTERIAL & TUBERCULOUS INFECTIONS OF NERVOUS SYSTEM W/O CC/MCC,"$50,927.00"
MS097,NON-BACTERIAL INFECT OF NERVOUS SYS EXC VIRAL MENINGITIS W MCC,"$255,387.00"
MS098,NON-BACTERIAL INFECT OF NERVOUS SYS EXC VIRAL MENINGITIS W CC,"$66,504.00"
MS099,NON-BACTERIAL INFECT OF NERVOUS SYS EXC VIRAL MENINGITIS W/O CC/MCC,"$120,196.00"
MS100,SEIZURES W MCC,"$93,901.00"
MS101,SEIZURES W/O MCC,"$59,956.00"
MS102,HEADACHES W MCC,"$29,355.00"
MS103,HEADACHES W/O MCC,"$23,570.00"
MS113,ORBITAL PROCEDURES W CC/MCC,"$108,038.00"
MS114,ORBITAL PROCEDURES W/O CC/MCC,"$50,587.00"
MS115,EXTRAOCULAR PROCEDURES EXCEPT ORBIT,"$36,991.00"
MS121,ACUTE MAJOR EYE INFECTIONS W CC/MCC,"$66,860.00"
MS123,NEUROLOGICAL EYE DISORDERS,"$34,712.00"
MS124,OTHER DISORDERS OF THE EYE W MCC,"$35,156.00"
MS125,OTHER DISORDERS OF THE EYE W/O MCC,"$22,926.00"
MS129,MAJOR HEAD & NECK PROCEDURES W CC/MCC OR MAJOR DEVICE,"$127,216.00"
MS130,MAJOR HEAD & NECK PROCEDURES W/O CC/MCC,"$63,524.00"
MS131,CRANIAL/FACIAL PROCEDURES W CC/MCC,"$72,265.00"
MS132,CRANIAL/FACIAL PROCEDURES W/O CC/MCC,"$44,569.00"
MS133,"OTHER EAR, NOSE, MOUTH & THROAT O.R. PROCEDURES W CC/MCC","$62,572.00"
MS134,"OTHER EAR, NOSE, MOUTH & THROAT O.R. PROCEDURES W/O CC/MCC","$23,804.00"
MS136,SINUS & MASTOID PROCEDURES W/O CC/MCC,"$126,508.00"
MS137,MOUTH PROCEDURES W CC/MCC,"$32,358.00"
MS138,MOUTH PROCEDURES W/O CC/MCC,"$20,438.00"
MS139,SALIVARY GLAND PROCEDURES,"$48,943.00"
MS146,"EAR, NOSE, MOUTH & THROAT MALIGNANCY W MCC","$29,260.00"
MS147,"EAR, NOSE, MOUTH & THROAT MALIGNANCY W CC","$22,916.00"
MS148,"EAR, NOSE, MOUTH & THROAT MALIGNANCY W/O CC/MCC","$35,976.00"
MS149,DYSEQUILIBRIUM,"$32,904.00"
MS150,EPISTAXIS W MCC,"$53,225.00"
MS151,EPISTAXIS W/O MCC,"$18,898.00"
MS152,OTITIS MEDIA & URI W MCC,"$16,442.00"
MS153,OTITIS MEDIA & URI W/O MCC,"$16,998.00"
MS154,"OTHER EAR, NOSE, MOUTH & THROAT DIAGNOSES W MCC","$80,721.00"
MS155,"OTHER EAR, NOSE, MOUTH & THROAT DIAGNOSES W CC","$23,037.00"
MS156,"OTHER EAR, NOSE, MOUTH & THROAT DIAGNOSES W/O CC/MCC","$15,820.00"
MS157,DENTAL & ORAL DISEASES W MCC,"$70,550.00"
MS158,DENTAL & ORAL DISEASES W CC,"$32,757.00"
MS159,DENTAL & ORAL DISEASES W/O CC/MCC,"$30,441.00"
MS163,MAJOR CHEST PROCEDURES W MCC,"$199,945.00"
MS164,MAJOR CHEST PROCEDURES W CC,"$93,887.00"
MS165,MAJOR CHEST PROCEDURES W/O CC/MCC,"$92,753.00"
MS166,OTHER RESP SYSTEM O.R. PROCEDURES W MCC,"$203,564.00"
MS167,OTHER RESP SYSTEM O.R. PROCEDURES W CC,"$67,849.00"
MS168,OTHER RESP SYSTEM O.R. PROCEDURES W/O CC/MCC,"$58,050.00"
MS175,PULMONARY EMBOLISM W MCC,"$54,310.00"
MS176,PULMONARY EMBOLISM W/O MCC,"$39,533.00"
MS177,RESPIRATORY INFECTIONS & INFLAMMATIONS W MCC,"$53,623.00"
MS178,RESPIRATORY INFECTIONS & INFLAMMATIONS W CC,"$25,189.00"
MS179,RESPIRATORY INFECTIONS & INFLAMMATIONS W/O CC/MCC,"$27,270.00"
MS180,RESPIRATORY NEOPLASMS W MCC,"$78,288.00"
MS181,RESPIRATORY NEOPLASMS W CC,"$39,085.00"
MS182,RESPIRATORY NEOPLASMS W/O CC/MCC,"$8,858.00"
MS183,MAJOR CHEST TRAUMA W MCC,"$70,919.00"
MS184,MAJOR CHEST TRAUMA W CC,"$51,306.00"
MS185,MAJOR CHEST TRAUMA W/O CC/MCC,"$33,257.00"
MS186,PLEURAL EFFUSION W MCC,"$63,030.00"
MS187,PLEURAL EFFUSION W CC,"$38,928.00"
MS188,PLEURAL EFFUSION W/O CC/MCC,"$25,368.00"
MS189,PULMONARY EDEMA & RESPIRATORY FAILURE,"$45,286.00"
MS190,CHRONIC OBSTRUCTIVE PULMONARY DISEASE W MCC,"$51,236.00"
MS191,CHRONIC OBSTRUCTIVE PULMONARY DISEASE W CC,"$32,140.00"
MS192,CHRONIC OBSTRUCTIVE PULMONARY DISEASE W/O CC/MCC,"$34,734.00"
MS193,SIMPLE PNEUMONIA & PLEURISY W MCC,"$54,548.00"
MS194,SIMPLE PNEUMONIA & PLEURISY W CC,"$28,923.00"
MS195,SIMPLE PNEUMONIA & PLEURISY W/O CC/MCC,"$23,766.00"
MS196,INTERSTITIAL LUNG DISEASE W MCC,"$112,553.00"
MS198,INTERSTITIAL LUNG DISEASE W/O CC/MCC,"$21,957.00"
MS199,PNEUMOTHORAX W MCC,"$87,409.00"
MS200,PNEUMOTHORAX W CC,"$44,062.00"
MS201,PNEUMOTHORAX W/O CC/MCC,"$31,044.00"
MS202,BRONCHITIS & ASTHMA W CC/MCC,"$33,402.00"
MS203,BRONCHITIS & ASTHMA W/O CC/MCC,"$23,454.00"
MS204,RESPIRATORY SIGNS & SYMPTOMS,"$19,766.00"
MS205,OTHER RESPIRATORY SYSTEM DIAGNOSES W MCC,"$83,760.00"
MS206,OTHER RESPIRATORY SYSTEM DIAGNOSES W/O MCC,"$33,901.00"
MS207,RESPIRATORY SYSTEM DIAGNOSIS W VENTILATOR SUPPORT >96 HOURS OR PERIPHERAL EXTRACORPOREAL MEMBRANE OXYGENATION (ECMO),"$211,559.00"
MS208,RESPIRATORY SYSTEM DIAGNOSIS W VENTILATOR SUPPORT <=96 HOURS,"$87,011.00"
MS215,OTHER HEART ASSIST SYSTEM IMPLANT,"$381,200.00"
MS216,CARDIAC VALVE & OTH MAJ CARDIOTHORACIC PROC W CARD CATH W MCC,"$575,035.00"
MS217,CARDIAC VALVE & OTH MAJ CARDIOTHORACIC PROC W CARD CATH W CC,"$201,523.00"
MS219,CARDIAC VALVE & OTH MAJ CARDIOTHORACIC PROC W/O CARD CATH W MCC,"$261,199.00"
MS220,CARDIAC VALVE & OTH MAJ CARDIOTHORACIC PROC W/O CARD CATH W CC,"$165,256.00"
MS221,CARDIAC VALVE & OTH MAJ CARDIOTHORACIC PROC W/O CARD CATH W/O CC/MCC,"$159,810.00"
MS222,CARDIAC DEFIB IMPLANT W CARDIAC CATH W AMI/HF/SHOCK W MCC,"$204,480.00"
MS223,CARDIAC DEFIB IMPLANT W CARDIAC CATH W AMI/HF/SHOCK W/O MCC,"$133,989.00"
MS224,CARDIAC DEFIB IMPLANT W CARDIAC CATH W/O AMI/HF/SHOCK W MCC,"$190,374.00"
MS225,CARDIAC DEFIB IMPLANT W CARDIAC CATH W/O AMI/HF/SHOCK W/O MCC,"$139,666.00"
MS226,CARDIAC DEFIBRILLATOR IMPLANT W/O CARDIAC CATH W MCC,"$276,203.00"
MS227,CARDIAC DEFIBRILLATOR IMPLANT W/O CARDIAC CATH W/O MCC,"$128,568.00"
MS228,OTHER CARDIOTHORACIC PROCEDURES W MCC,"$158,178.00"
MS229,OTHER CARDIOTHORACIC PROCEDURES W/O MCC,"$125,928.00"
MS231,CORONARY BYPASS W PTCA W MCC,"$243,343.00"
MS232,CORONARY BYPASS W PTCA W/O MCC,"$226,978.00"
MS233,CORONARY BYPASS W CARDIAC CATH W MCC,"$207,853.00"
MS234,CORONARY BYPASS W CARDIAC CATH W/O MCC,"$181,638.00"
MS235,CORONARY BYPASS W/O CARDIAC CATH W MCC,"$177,294.00"
MS236,CORONARY BYPASS W/O CARDIAC CATH W/O MCC,"$132,140.00"
MS239,AMPUTATION FOR CIRC SYS DISORDERS EXC UPPER LIMB & TOE W MCC,"$189,464.00"
MS240,AMPUTATION FOR CIRC SYS DISORDERS EXC UPPER LIMB & TOE W CC,"$103,527.00"
MS241,AMPUTATION FOR CIRC SYS DISORDERS EXC UPPER LIMB & TOE W/O CC/MCC,"$218,773.00"
MS242,PERMANENT CARDIAC PACEMAKER IMPLANT W MCC,"$83,060.00"
MS243,PERMANENT CARDIAC PACEMAKER IMPLANT W CC,"$67,894.00"
MS244,PERMANENT CARDIAC PACEMAKER IMPLANT W/O CC/MCC,"$60,508.00"
MS245,AICD GENERATOR PROCEDURES,"$154,144.00"
MS246,PERCUTANEOUS CARDIOVASCULAR PROCEDURES W DRUG-ELUTING STENT W MCC OR 4+ ARTERIES OR STENTS,"$100,064.00"
MS247,PERC CARDIOVASC PROC W DRUG-ELUTING STENT W/O MCC,"$65,697.00"
MS248,PERCUTANEOUS CARDIOVASCULAR PROCEDURES W NON-DRUG-ELUTING STENT W MCC OR 4+ ARTERIES OR STENTS,"$113,623.00"
MS249,PERC CARDIOVASC PROC W NON-DRUG-ELUTING STENT W/O MCC,"$66,610.00"
MS251,PERC CARDIOVASC PROC W/O CORONARY ARTERY STENT W/O MCC,"$40,458.00"
MS252,OTHER VASCULAR PROCEDURES W MCC,"$109,460.00"
MS253,OTHER VASCULAR PROCEDURES W CC,"$107,516.00"
MS254,OTHER VASCULAR PROCEDURES W/O CC/MCC,"$70,271.00"
MS255,UPPER LIMB & TOE AMPUTATION FOR CIRC SYSTEM DISORDERS W MCC,"$55,658.00"
MS256,UPPER LIMB & TOE AMPUTATION FOR CIRC SYSTEM DISORDERS W CC,"$110,102.00"
MS259,CARDIAC PACEMAKER DEVICE REPLACEMENT W/O MCC,"$32,222.00"
MS260,CARDIAC PACEMAKER REVISION EXCEPT DEVICE REPLACEMENT W MCC,"$73,578.00"
MS261,CARDIAC PACEMAKER REVISION EXCEPT DEVICE REPLACEMENT W CC,"$24,964.00"
MS262,CARDIAC PACEMAKER REVISION EXCEPT DEVICE REPLACEMENT W/O CC/MCC,"$45,684.00"
MS264,OTHER CIRCULATORY SYSTEM O.R. PROCEDURES,"$95,965.00"
MS265,AICD LEAD PROCEDURES,"$100,456.00"
MS266,ENDOVASCULAR CARDIAC VALVE REPLACEMENT W MCC,"$193,830.00"
MS267,ENDOVASCULAR CARDIAC VALVE REPLACEMENT W/O MCC,"$172,884.00"
MS269,AORTIC AND HEART ASSIST PROCEDURES EXCEPT PULSATION BALLOON W/O MCC,"$114,925.00"
MS270,OTHER MAJOR CARDIOVASCULAR PROCEDURES W MCC,"$228,084.00"
MS271,OTHER MAJOR CARDIOVASCULAR PROCEDURES W CC,"$119,593.00"
MS272,OTHER MAJOR CARDIOVASCULAR PROCEDURES W/O CC/MCC,"$81,690.00"
MS273,PERCUTANEOUS INTRACARDIAC PROCEDURES W MCC,"$57,364.00"
MS274,PERCUTANEOUS INTRACARDIAC PROCEDURES W/O MCC,"$86,739.00"
MS280,"ACUTE MYOCARDIAL INFARCTION, DISCHARGED ALIVE W MCC","$73,546.00"
MS281,"ACUTE MYOCARDIAL INFARCTION, DISCHARGED ALIVE W CC","$36,505.00"
MS282,"ACUTE MYOCARDIAL INFARCTION, DISCHARGED ALIVE W/O CC/MCC","$32,776.00"
MS283,"ACUTE MYOCARDIAL INFARCTION, EXPIRED W MCC","$81,667.00"
MS284,"ACUTE MYOCARDIAL INFARCTION, EXPIRED W CC","$23,590.00"
MS286,"CIRCULATORY DISORDERS EXCEPT AMI, W CARD CATH W MCC","$76,430.00"
MS287,"CIRCULATORY DISORDERS EXCEPT AMI, W CARD CATH W/O MCC","$35,903.00"
MS289,ACUTE & SUBACUTE ENDOCARDITIS W CC,"$61,056.00"
MS290,ACUTE & SUBACUTE ENDOCARDITIS W/O CC/MCC,"$11,221.00"
MS291,HEART FAILURE & SHOCK W MCC OR PERIPHERAL EXTRACORPOREAL MEMBRANE OXYGENATION (ECMO),"$47,722.00"
MS292,HEART FAILURE & SHOCK W CC,"$32,005.00"
MS293,HEART FAILURE & SHOCK W/O CC/MCC,"$24,266.00"
MS296,"CARDIAC ARREST, UNEXPLAINED W MCC OR PERIPHERAL EXTRACORPOREAL MEMBRANE OXYGENATION (ECMO)","$68,170.00"
MS299,PERIPHERAL VASCULAR DISORDERS W MCC,"$36,300.00"
MS300,PERIPHERAL VASCULAR DISORDERS W CC,"$36,690.00"
MS301,PERIPHERAL VASCULAR DISORDERS W/O CC/MCC,"$33,050.00"
MS302,ATHEROSCLEROSIS W MCC,"$29,164.00"
MS303,ATHEROSCLEROSIS W/O MCC,"$39,302.00"
MS304,HYPERTENSION W MCC,"$33,610.00"
MS305,HYPERTENSION W/O MCC,"$27,177.00"
MS306,CARDIAC CONGENITAL & VALVULAR DISORDERS W MCC,"$50,452.00"
MS307,CARDIAC CONGENITAL & VALVULAR DISORDERS W/O MCC,"$20,823.00"
MS308,CARDIAC ARRHYTHMIA & CONDUCTION DISORDERS W MCC,"$41,636.00"
MS309,CARDIAC ARRHYTHMIA & CONDUCTION DISORDERS W CC,"$26,723.00"
MS310,CARDIAC ARRHYTHMIA & CONDUCTION DISORDERS W/O CC/MCC,"$20,974.00"
MS311,ANGINA PECTORIS,"$28,566.00"
MS312,SYNCOPE & COLLAPSE,"$31,160.00"
MS313,CHEST PAIN,"$35,869.00"
MS314,OTHER CIRCULATORY SYSTEM DIAGNOSES W MCC,"$66,188.00"
MS315,OTHER CIRCULATORY SYSTEM DIAGNOSES W CC,"$26,998.00"
MS316,OTHER CIRCULATORY SYSTEM DIAGNOSES W/O CC/MCC,"$38,366.00"
MS326,"STOMACH, ESOPHAGEAL & DUODENAL PROC W MCC","$298,022.00"
MS327,"STOMACH, ESOPHAGEAL & DUODENAL PROC W CC","$89,520.00"
MS328,"STOMACH, ESOPHAGEAL & DUODENAL PROC W/O CC/MCC","$61,427.00"
MS329,MAJOR SMALL & LARGE BOWEL PROCEDURES W MCC,"$196,630.00"
MS330,MAJOR SMALL & LARGE BOWEL PROCEDURES W CC,"$70,348.00"
MS331,MAJOR SMALL & LARGE BOWEL PROCEDURES W/O CC/MCC,"$50,563.00"
MS333,RECTAL RESECTION W CC,"$69,048.00"
MS334,RECTAL RESECTION W/O CC/MCC,"$52,949.00"
MS335,PERITONEAL ADHESIOLYSIS W MCC,"$192,962.00"
MS336,PERITONEAL ADHESIOLYSIS W CC,"$73,531.00"
MS337,PERITONEAL ADHESIOLYSIS W/O CC/MCC,"$42,905.00"
MS338,APPENDECTOMY W COMPLICATED PRINCIPAL DIAG W MCC,"$104,540.00"
MS339,APPENDECTOMY W COMPLICATED PRINCIPAL DIAG W CC,"$40,008.00"
MS340,APPENDECTOMY W COMPLICATED PRINCIPAL DIAG W/O CC/MCC,"$34,568.00"
MS342,APPENDECTOMY W/O COMPLICATED PRINCIPAL DIAG W CC,"$41,243.00"
MS343,APPENDECTOMY W/O COMPLICATED PRINCIPAL DIAG W/O CC/MCC,"$26,229.00"
MS344,MINOR SMALL & LARGE BOWEL PROCEDURES W MCC,"$81,327.00"
MS345,MINOR SMALL & LARGE BOWEL PROCEDURES W CC,"$47,721.00"
MS346,MINOR SMALL & LARGE BOWEL PROCEDURES W/O CC/MCC,"$35,889.00"
MS347,ANAL & STOMAL PROCEDURES W MCC,"$27,263.00"
MS348,ANAL & STOMAL PROCEDURES W CC,"$36,843.00"
MS349,ANAL & STOMAL PROCEDURES W/O CC/MCC,"$35,302.00"
MS351,INGUINAL & FEMORAL HERNIA PROCEDURES W CC,"$36,072.00"
MS352,INGUINAL & FEMORAL HERNIA PROCEDURES W/O CC/MCC,"$29,856.00"
MS353,HERNIA PROCEDURES EXCEPT INGUINAL & FEMORAL W MCC,"$60,702.00"
MS354,HERNIA PROCEDURES EXCEPT INGUINAL & FEMORAL W CC,"$49,460.00"
MS355,HERNIA PROCEDURES EXCEPT INGUINAL & FEMORAL W/O CC/MCC,"$38,684.00"
MS356,OTHER DIGESTIVE SYSTEM O.R. PROCEDURES W MCC,"$138,566.00"
MS357,OTHER DIGESTIVE SYSTEM O.R. PROCEDURES W CC,"$76,460.00"
MS358,OTHER DIGESTIVE SYSTEM O.R. PROCEDURES W/O CC/MCC,"$26,989.00"
MS368,MAJOR ESOPHAGEAL DISORDERS W MCC,"$109,905.00"
MS369,MAJOR ESOPHAGEAL DISORDERS W CC,"$29,658.00"
MS370,MAJOR ESOPHAGEAL DISORDERS W/O CC/MCC,"$14,795.00"
MS371,MAJOR GASTROINTESTINAL DISORDERS & PERITONEAL INFECTIONS W MCC,"$50,700.00"
MS372,MAJOR GASTROINTESTINAL DISORDERS & PERITONEAL INFECTIONS W CC,"$39,078.00"
MS373,MAJOR GASTROINTESTINAL DISORDERS & PERITONEAL INFECTIONS W/O CC/MCC,"$32,075.00"
MS374,DIGESTIVE MALIGNANCY W MCC,"$75,944.00"
MS375,DIGESTIVE MALIGNANCY W CC,"$39,928.00"
MS376,DIGESTIVE MALIGNANCY W/O CC/MCC,"$33,439.00"
MS377,G.I. HEMORRHAGE W MCC,"$63,274.00"
MS378,G.I. HEMORRHAGE W CC,"$38,105.00"
MS379,G.I. HEMORRHAGE W/O CC/MCC,"$18,529.00"
MS380,COMPLICATED PEPTIC ULCER W MCC,"$112,037.00"
MS381,COMPLICATED PEPTIC ULCER W CC,"$28,852.00"
MS384,UNCOMPLICATED PEPTIC ULCER W/O MCC,"$31,904.00"
MS386,INFLAMMATORY BOWEL DISEASE W CC,"$46,236.00"
MS387,INFLAMMATORY BOWEL DISEASE W/O CC/MCC,"$23,849.00"
MS388,G.I. OBSTRUCTION W MCC,"$54,708.00"
MS389,G.I. OBSTRUCTION W CC,"$28,804.00"
MS390,G.I. OBSTRUCTION W/O CC/MCC,"$18,933.00"
MS391,"ESOPHAGITIS, GASTROENT & MISC DIGEST DISORDERS W MCC","$42,124.00"
MS392,"ESOPHAGITIS, GASTROENT & MISC DIGEST DISORDERS W/O MCC","$28,032.00"
MS393,OTHER DIGESTIVE SYSTEM DIAGNOSES W MCC,"$63,015.00"
MS394,OTHER DIGESTIVE SYSTEM DIAGNOSES W CC,"$38,532.00"
MS395,OTHER DIGESTIVE SYSTEM DIAGNOSES W/O CC/MCC,"$29,781.00"
MS405,"PANCREAS, LIVER & SHUNT PROCEDURES W MCC","$286,543.00"
MS406,"PANCREAS, LIVER & SHUNT PROCEDURES W CC","$92,225.00"
MS407,"PANCREAS, LIVER & SHUNT PROCEDURES W/O CC/MCC","$68,780.00"
MS408,BILIARY TRACT PROC EXCEPT ONLY CHOLECYST W OR W/O C.D.E. W MCC,"$119,172.00"
MS411,CHOLECYSTECTOMY W C.D.E. W MCC,"$193,163.00"
MS413,CHOLECYSTECTOMY W C.D.E. W/O CC/MCC,"$116,708.00"
MS414,CHOLECYSTECTOMY EXCEPT BY LAPAROSCOPE W/O C.D.E. W MCC,"$100,988.00"
MS415,CHOLECYSTECTOMY EXCEPT BY LAPAROSCOPE W/O C.D.E. W CC,"$59,426.00"
MS417,LAPAROSCOPIC CHOLECYSTECTOMY W/O C.D.E. W MCC,"$52,369.00"
MS418,LAPAROSCOPIC CHOLECYSTECTOMY W/O C.D.E. W CC,"$43,615.00"
MS419,LAPAROSCOPIC CHOLECYSTECTOMY W/O C.D.E. W/O CC/MCC,"$35,650.00"
MS420,HEPATOBILIARY DIAGNOSTIC PROCEDURES W MCC,"$103,398.00"
MS421,HEPATOBILIARY DIAGNOSTIC PROCEDURES W CC,"$75,628.00"
MS423,OTHER HEPATOBILIARY OR PANCREAS O.R. PROCEDURES W MCC,"$57,926.00"
MS432,CIRRHOSIS & ALCOHOLIC HEPATITIS W MCC,"$162,679.00"
MS433,CIRRHOSIS & ALCOHOLIC HEPATITIS W CC,"$33,188.00"
MS435,MALIGNANCY OF HEPATOBILIARY SYSTEM OR PANCREAS W MCC,"$75,115.00"
MS436,MALIGNANCY OF HEPATOBILIARY SYSTEM OR PANCREAS W CC,"$50,696.00"
MS438,DISORDERS OF PANCREAS EXCEPT MALIGNANCY W MCC,"$32,680.00"
MS439,DISORDERS OF PANCREAS EXCEPT MALIGNANCY W CC,"$30,029.00"
MS440,DISORDERS OF PANCREAS EXCEPT MALIGNANCY W/O CC/MCC,"$23,168.00"
MS441,"DISORDERS OF LIVER EXCEPT MALIG,CIRR,ALC HEPA W MCC","$69,076.00"
MS442,"DISORDERS OF LIVER EXCEPT MALIG,CIRR,ALC HEPA W CC","$30,634.00"
MS443,"DISORDERS OF LIVER EXCEPT MALIG,CIRR,ALC HEPA W/O CC/MCC","$29,885.00"
MS444,DISORDERS OF THE BILIARY TRACT W MCC,"$76,502.00"
MS445,DISORDERS OF THE BILIARY TRACT W CC,"$29,590.00"
MS446,DISORDERS OF THE BILIARY TRACT W/O CC/MCC,"$38,782.00"
MS454,COMBINED ANTERIOR/POSTERIOR SPINAL FUSION W CC,"$220,208.00"
MS455,COMBINED ANTERIOR/POSTERIOR SPINAL FUSION W/O CC/MCC,"$115,934.00"
MS457,SPINAL FUS EXC CERV W SPINAL CURV/MALIG/INFEC OR EXT FUS W CC,"$231,628.00"
MS458,SPINAL FUS EXC CERV W SPINAL CURV/MALIG/INFEC OR EXT FUS W/O CC/MCC,"$156,188.00"
MS459,SPINAL FUSION EXCEPT CERVICAL W MCC,"$166,755.00"
MS460,SPINAL FUSION EXCEPT CERVICAL W/O MCC,"$109,404.00"
MS462,BILATERAL OR MULTIPLE MAJOR JOINT PROCS OF LOWER EXTREMITY W/O MCC,"$83,228.00"
MS463,"WND DEBRID & SKN GRFT EXC HAND, FOR MUSCULO-CONN TISS DIS W MCC","$253,062.00"
MS464,"WND DEBRID & SKN GRFT EXC HAND, FOR MUSCULO-CONN TISS DIS W CC","$121,695.00"
MS465,"WND DEBRID & SKN GRFT EXC HAND, FOR MUSCULO-CONN TISS DIS W/O CC/MCC","$56,708.00"
MS466,REVISION OF HIP OR KNEE REPLACEMENT W MCC,"$178,580.00"
MS467,REVISION OF HIP OR KNEE REPLACEMENT W CC,"$109,279.00"
MS468,REVISION OF HIP OR KNEE REPLACEMENT W/O CC/MCC,"$97,891.00"
MS469,MAJOR HIP AND KNEE JOINT REPLACEMENT OR REATTACHMENT OF LOWER EXTREMITY W MCC OR TOTAL ANKLE REPLACEMENT,"$109,393.00"
MS470,MAJOR HIP AND KNEE JOINT REPLACEMENT OR REATTACHMENT OF LOWER EXTREMITY W/O MCC,"$53,078.00"
MS471,CERVICAL SPINAL FUSION W MCC,"$242,543.00"
MS472,CERVICAL SPINAL FUSION W CC,"$84,154.00"
MS473,CERVICAL SPINAL FUSION W/O CC/MCC,"$78,779.00"
MS474,AMPUTATION FOR MUSCULOSKELETAL SYS & CONN TISSUE DIS W MCC,"$294,109.00"
MS475,AMPUTATION FOR MUSCULOSKELETAL SYS & CONN TISSUE DIS W CC,"$77,779.00"
MS476,AMPUTATION FOR MUSCULOSKELETAL SYS & CONN TISSUE DIS W/O CC/MCC,"$32,627.00"
MS477,BIOPSIES OF MUSCULOSKELETAL SYSTEM & CONNECTIVE TISSUE W MCC,"$133,053.00"
MS478,BIOPSIES OF MUSCULOSKELETAL SYSTEM & CONNECTIVE TISSUE W CC,"$75,569.00"
MS479,BIOPSIES OF MUSCULOSKELETAL SYSTEM & CONNECTIVE TISSUE W/O CC/MCC,"$67,320.00"
MS480,HIP & FEMUR PROCEDURES EXCEPT MAJOR JOINT W MCC,"$99,386.00"
MS481,HIP & FEMUR PROCEDURES EXCEPT MAJOR JOINT W CC,"$67,294.00"
MS482,HIP & FEMUR PROCEDURES EXCEPT MAJOR JOINT W/O CC/MCC,"$48,008.00"
MS483,MAJOR JOINT/LIMB REATTACHMENT PROCEDURE OF UPPER EXTREMITIES,"$55,841.00"
MS485,KNEE PROCEDURES W PDX OF INFECTION W MCC,"$100,521.00"
MS486,KNEE PROCEDURES W PDX OF INFECTION W CC,"$79,116.00"
MS487,KNEE PROCEDURES W PDX OF INFECTION W/O CC/MCC,"$35,740.00"
MS488,KNEE PROCEDURES W/O PDX OF INFECTION W CC/MCC,"$108,146.00"
MS489,KNEE PROCEDURES W/O PDX OF INFECTION W/O CC/MCC,"$51,218.00"
MS492,"LOWER EXTREM & HUMER PROC EXCEPT HIP,FOOT,FEMUR W MCC","$136,169.00"
MS493,"LOWER EXTREM & HUMER PROC EXCEPT HIP,FOOT,FEMUR W CC","$93,122.00"
MS494,"LOWER EXTREM & HUMER PROC EXCEPT HIP,FOOT,FEMUR W/O CC/MCC","$54,129.00"
MS495,LOCAL EXCISION & REMOVAL INT FIX DEVICES EXC HIP & FEMUR W MCC,"$99,763.00"
MS496,LOCAL EXCISION & REMOVAL INT FIX DEVICES EXC HIP & FEMUR W CC,"$115,893.00"
MS498,LOCAL EXCISION & REMOVAL INT FIX DEVICES OF HIP & FEMUR W CC/MCC,"$65,256.00"
MS500,SOFT TISSUE PROCEDURES W MCC,"$227,294.00"
MS501,SOFT TISSUE PROCEDURES W CC,"$67,917.00"
MS502,SOFT TISSUE PROCEDURES W/O CC/MCC,"$55,612.00"
MS503,FOOT PROCEDURES W MCC,"$89,889.00"
MS504,FOOT PROCEDURES W CC,"$53,835.00"
MS505,FOOT PROCEDURES W/O CC/MCC,"$47,611.00"
MS510,"SHOULDER,ELBOW OR FOREARM PROC,EXC MAJOR JOINT PROC W MCC","$92,736.00"
MS511,"SHOULDER,ELBOW OR FOREARM PROC,EXC MAJOR JOINT PROC W CC","$52,553.00"
MS512,"SHOULDER,ELBOW OR FOREARM PROC,EXC MAJOR JOINT PROC W/O CC/MCC","$47,332.00"
MS513,"HAND OR WRIST PROC, EXCEPT MAJOR THUMB OR JOINT PROC W CC/MCC","$50,305.00"
MS514,"HAND OR WRIST PROC, EXCEPT MAJOR THUMB OR JOINT PROC W/O CC/MCC","$35,280.00"
MS515,OTHER MUSCULOSKELET SYS & CONN TISS O.R. PROC W MCC,"$148,959.00"
MS516,OTHER MUSCULOSKELET SYS & CONN TISS O.R. PROC W CC,"$89,459.00"
MS517,OTHER MUSCULOSKELET SYS & CONN TISS O.R. PROC W/O CC/MCC,"$38,389.00"
MS518,BACK & NECK PROC EXC SPINAL FUSION W MCC OR DISC DEVICE/NEUROSTIM,"$96,355.00"
MS519,BACK & NECK PROC EXC SPINAL FUSION W CC,"$55,189.00"
MS520,BACK & NECK PROC EXC SPINAL FUSION W/O CC/MCC,"$40,862.00"
MS534,FRACTURES OF FEMUR W/O MCC,"$27,333.00"
MS535,FRACTURES OF HIP & PELVIS W MCC,"$39,680.00"
MS536,FRACTURES OF HIP & PELVIS W/O MCC,"$28,225.00"
MS539,OSTEOMYELITIS W MCC,"$35,867.00"
MS540,OSTEOMYELITIS W CC,"$48,324.00"
MS541,OSTEOMYELITIS W/O CC/MCC,"$71,596.00"
MS542,PATHOLOGICAL FRACTURES & MUSCULOSKELET & CONN TISS MALIG W MCC,"$89,712.00"
MS543,PATHOLOGICAL FRACTURES & MUSCULOSKELET & CONN TISS MALIG W CC,"$43,003.00"
MS544,PATHOLOGICAL FRACTURES & MUSCULOSKELET & CONN TISS MALIG W/O CC/MCC,"$24,179.00"
MS545,CONNECTIVE TISSUE DISORDERS W MCC,"$70,291.00"
MS546,CONNECTIVE TISSUE DISORDERS W CC,"$36,330.00"
MS548,SEPTIC ARTHRITIS W MCC,"$64,931.00"
MS549,SEPTIC ARTHRITIS W CC,"$40,057.00"
MS551,MEDICAL BACK PROBLEMS W MCC,"$67,311.00"
MS552,MEDICAL BACK PROBLEMS W/O MCC,"$36,938.00"
MS554,BONE DISEASES & ARTHROPATHIES W/O MCC,"$32,778.00"
MS555,SIGNS & SYMPTOMS OF MUSCULOSKELETAL SYSTEM & CONN TISSUE W MCC,"$27,481.00"
MS556,SIGNS & SYMPTOMS OF MUSCULOSKELETAL SYSTEM & CONN TISSUE W/O MCC,"$27,846.00"
MS557,"TENDONITIS, MYOSITIS & BURSITIS W MCC","$40,893.00"
MS558,"TENDONITIS, MYOSITIS & BURSITIS W/O MCC","$27,212.00"
MS559,"AFTERCARE, MUSCULOSKELETAL SYSTEM & CONNECTIVE TISSUE W MCC","$42,619.00"
MS560,"AFTERCARE, MUSCULOSKELETAL SYSTEM & CONNECTIVE TISSUE W CC","$50,285.00"
MS561,"AFTERCARE, MUSCULOSKELETAL SYSTEM & CONNECTIVE TISSUE W/O CC/MCC","$26,022.00"
MS562,"FX, SPRN, STRN & DISL EXCEPT FEMUR, HIP, PELVIS & THIGH W MCC","$50,718.00"
MS563,"FX, SPRN, STRN & DISL EXCEPT FEMUR, HIP, PELVIS & THIGH W/O MCC","$33,253.00"
MS564,OTHER MUSCULOSKELETAL SYS & CONNECTIVE TISSUE DIAGNOSES W MCC,"$18,968.00"
MS565,OTHER MUSCULOSKELETAL SYS & CONNECTIVE TISSUE DIAGNOSES W CC,"$33,010.00"
MS566,OTHER MUSCULOSKELETAL SYS & CONNECTIVE TISSUE DIAGNOSES W/O CC/MCC,"$33,334.00"
MS570,SKIN DEBRIDEMENT W MCC,"$106,208.00"
MS571,SKIN DEBRIDEMENT W CC,"$46,567.00"
MS572,SKIN DEBRIDEMENT W/O CC/MCC,"$47,629.00"
MS573,SKIN GRAFT FOR SKIN ULCER OR CELLULITIS W MCC,"$168,339.00"
MS574,SKIN GRAFT FOR SKIN ULCER OR CELLULITIS W CC,"$90,696.00"
MS575,SKIN GRAFT FOR SKIN ULCER OR CELLULITIS W/O CC/MCC,"$85,194.00"
MS576,SKIN GRAFT EXC FOR SKIN ULCER OR CELLULITIS W MCC,"$443,416.00"
MS577,SKIN GRAFT EXC FOR SKIN ULCER OR CELLULITIS W CC,"$87,942.00"
MS578,SKIN GRAFT EXC FOR SKIN ULCER OR CELLULITIS W/O CC/MCC,"$57,043.00"
MS579,"OTHER SKIN, SUBCUT TISS & BREAST PROC W MCC","$116,223.00"
MS580,"OTHER SKIN, SUBCUT TISS & BREAST PROC W CC","$54,239.00"
MS581,"OTHER SKIN, SUBCUT TISS & BREAST PROC W/O CC/MCC","$68,455.00"
MS583,MASTECTOMY FOR MALIGNANCY W/O CC/MCC,"$113,251.00"
MS585,"BREAST BIOPSY, LOCAL EXCISION & OTHER BREAST PROCEDURES W/O CC/MCC","$54,723.00"
MS593,SKIN ULCERS W CC,"$17,414.00"
MS596,MAJOR SKIN DISORDERS W/O MCC,"$29,271.00"
MS597,MALIGNANT BREAST DISORDERS W MCC,"$87,322.00"
MS598,MALIGNANT BREAST DISORDERS W CC,"$29,874.00"
MS601,NON-MALIGNANT BREAST DISORDERS W/O CC/MCC,"$21,637.00"
MS602,CELLULITIS W MCC,"$40,252.00"
MS603,CELLULITIS W/O MCC,"$30,298.00"
MS604,"TRAUMA TO THE SKIN, SUBCUT TISS & BREAST W MCC","$60,885.00"
MS605,"TRAUMA TO THE SKIN, SUBCUT TISS & BREAST W/O MCC","$33,703.00"
MS607,MINOR SKIN DISORDERS W/O MCC,"$27,404.00"
MS614,ADRENAL & PITUITARY PROCEDURES W CC/MCC,"$103,147.00"
MS615,ADRENAL & PITUITARY PROCEDURES W/O CC/MCC,"$35,448.00"
MS616,"AMPUTAT OF LOWER LIMB FOR ENDOCRINE,NUTRIT,& METABOL DIS W MCC","$92,807.00"
MS617,"AMPUTAT OF LOWER LIMB FOR ENDOCRINE,NUTRIT,& METABOL DIS W CC","$90,364.00"
MS618,"AMPUTAT OF LOWER LIMB FOR ENDOCRINE,NUTRIT,& METABOL DIS W/O CC/MCC","$31,676.00"
MS620,O.R. PROCEDURES FOR OBESITY W CC,"$34,009.00"
MS621,O.R. PROCEDURES FOR OBESITY W/O CC/MCC,"$31,261.00"
MS622,"SKIN GRAFTS & WOUND DEBRID FOR ENDOC, NUTRIT & METAB DIS W MCC","$75,819.00"
MS623,"SKIN GRAFTS & WOUND DEBRID FOR ENDOC, NUTRIT & METAB DIS W CC","$64,013.00"
MS625,"THYROID, PARATHYROID & THYROGLOSSAL PROCEDURES W MCC","$30,335.00"
MS626,"THYROID, PARATHYROID & THYROGLOSSAL PROCEDURES W CC","$42,860.00"
MS627,"THYROID, PARATHYROID & THYROGLOSSAL PROCEDURES W/O CC/MCC","$51,138.00"
MS628,"OTHER ENDOCRINE, NUTRIT & METAB O.R. PROC W MCC","$73,524.00"
MS629,"OTHER ENDOCRINE, NUTRIT & METAB O.R. PROC W CC","$84,457.00"
MS637,DIABETES W MCC,"$42,119.00"
MS638,DIABETES W CC,"$24,988.00"
MS639,DIABETES W/O CC/MCC,"$21,836.00"
MS640,"MISC DISORDERS OF NUTRITION,METABOLISM,FLUIDS/ELECTROLYTES W MCC","$40,398.00"
MS641,"MISC DISORDERS OF NUTRITION,METABOLISM,FLUIDS/ELECTROLYTES W/O MCC","$26,606.00"
MS643,ENDOCRINE DISORDERS W MCC,"$48,297.00"
MS644,ENDOCRINE DISORDERS W CC,"$27,228.00"
MS645,ENDOCRINE DISORDERS W/O CC/MCC,"$21,595.00"
MS652,KIDNEY TRANSPLANT,"$384,301.00"
MS654,MAJOR BLADDER PROCEDURES W CC,"$86,393.00"
MS655,MAJOR BLADDER PROCEDURES W/O CC/MCC,"$43,424.00"
MS656,KIDNEY & URETER PROCEDURES FOR NEOPLASM W MCC,"$108,395.00"
MS657,KIDNEY & URETER PROCEDURES FOR NEOPLASM W CC,"$55,597.00"
MS658,KIDNEY & URETER PROCEDURES FOR NEOPLASM W/O CC/MCC,"$40,788.00"
MS659,KIDNEY & URETER PROCEDURES FOR NON-NEOPLASM W MCC,"$90,125.00"
MS660,KIDNEY & URETER PROCEDURES FOR NON-NEOPLASM W CC,"$41,702.00"
MS661,KIDNEY & URETER PROCEDURES FOR NON-NEOPLASM W/O CC/MCC,"$32,540.00"
MS662,MINOR BLADDER PROCEDURES W MCC,"$57,793.00"
MS663,MINOR BLADDER PROCEDURES W CC,"$85,653.00"
MS664,MINOR BLADDER PROCEDURES W/O CC/MCC,"$37,449.00"
MS666,PROSTATECTOMY W CC,"$30,553.00"
MS668,TRANSURETHRAL PROCEDURES W MCC,"$80,630.00"
MS669,TRANSURETHRAL PROCEDURES W CC,"$27,975.00"
MS670,TRANSURETHRAL PROCEDURES W/O CC/MCC,"$27,494.00"
MS671,URETHRAL PROCEDURES W CC/MCC,"$12,136.00"
MS673,OTHER KIDNEY & URINARY TRACT PROCEDURES W MCC,"$149,168.00"
MS674,OTHER KIDNEY & URINARY TRACT PROCEDURES W CC,"$89,096.00"
MS675,OTHER KIDNEY & URINARY TRACT PROCEDURES W/O CC/MCC,"$42,280.00"
MS682,RENAL FAILURE W MCC,"$48,087.00"
MS683,RENAL FAILURE W CC,"$31,250.00"
MS684,RENAL FAILURE W/O CC/MCC,"$21,261.00"
MS686,KIDNEY & URINARY TRACT NEOPLASMS W MCC,"$786,506.00"
MS687,KIDNEY & URINARY TRACT NEOPLASMS W CC,"$37,238.00"
MS689,KIDNEY & URINARY TRACT INFECTIONS W MCC,"$40,352.00"
MS690,KIDNEY & URINARY TRACT INFECTIONS W/O MCC,"$25,870.00"
MS691,URINARY STONES W ESW LITHOTRIPSY W CC/MCC,"$27,454.00"
MS693,URINARY STONES W/O ESW LITHOTRIPSY W MCC,"$20,977.00"
MS694,URINARY STONES W/O ESW LITHOTRIPSY W/O MCC,"$21,054.00"
MS695,KIDNEY & URINARY TRACT SIGNS & SYMPTOMS W MCC,"$18,337.00"
MS696,KIDNEY & URINARY TRACT SIGNS & SYMPTOMS W/O MCC,"$24,403.00"
MS697,URETHRAL STRICTURE,"$17,225.00"
MS698,OTHER KIDNEY & URINARY TRACT DIAGNOSES W MCC,"$56,254.00"
MS699,OTHER KIDNEY & URINARY TRACT DIAGNOSES W CC,"$35,680.00"
MS700,OTHER KIDNEY & URINARY TRACT DIAGNOSES W/O CC/MCC,"$32,656.00"
MS707,MAJOR MALE PELVIC PROCEDURES W CC/MCC,"$45,531.00"
MS708,MAJOR MALE PELVIC PROCEDURES W/O CC/MCC,"$33,321.00"
MS711,TESTES PROCEDURES W CC/MCC,"$64,933.00"
MS712,TESTES PROCEDURES W/O CC/MCC,"$18,647.00"
MS713,TRANSURETHRAL PROSTATECTOMY W CC/MCC,"$59,325.00"
MS714,TRANSURETHRAL PROSTATECTOMY W/O CC/MCC,"$26,947.00"
MS715,OTHER MALE REPRODUCTIVE SYSTEM O.R. PROC FOR MALIGNANCY W CC/MCC,"$64,033.00"
MS716,OTHER MALE REPRODUCTIVE SYSTEM O.R. PROC FOR MALIGNANCY W/O CC/MCC,"$38,170.00"
MS717,OTHER MALE REPRODUCTIVE SYSTEM O.R. PROC EXC MALIGNANCY W CC/MCC,"$56,637.00"
MS718,OTHER MALE REPRODUCTIVE SYSTEM O.R. PROC EXC MALIGNANCY W/O CC/MCC,"$48,157.00"
MS723,"MALIGNANCY, MALE REPRODUCTIVE SYSTEM W CC","$24,278.00"
MS725,BENIGN PROSTATIC HYPERTROPHY W MCC,"$32,276.00"
MS726,BENIGN PROSTATIC HYPERTROPHY W/O MCC,"$17,813.00"
MS727,INFLAMMATION OF THE MALE REPRODUCTIVE SYSTEM W MCC,"$48,575.00"
MS728,INFLAMMATION OF THE MALE REPRODUCTIVE SYSTEM W/O MCC,"$38,675.00"
MS736,UTERINE & ADNEXA PROC FOR OVARIAN OR ADNEXAL MALIGNANCY W MCC,"$143,256.00"
MS737,UTERINE & ADNEXA PROC FOR OVARIAN OR ADNEXAL MALIGNANCY W CC,"$41,964.00"
MS738,UTERINE & ADNEXA PROC FOR OVARIAN OR ADNEXAL MALIGNANCY W/O CC/MCC,"$31,938.00"
MS739,"UTERINE,ADNEXA PROC FOR NON-OVARIAN/ADNEXAL MALIG W MCC","$108,110.00"
MS740,"UTERINE,ADNEXA PROC FOR NON-OVARIAN/ADNEXAL MALIG W CC","$32,704.00"
MS741,"UTERINE,ADNEXA PROC FOR NON-OVARIAN/ADNEXAL MALIG W/O CC/MCC","$35,822.00"
MS742,UTERINE & ADNEXA PROC FOR NON-MALIGNANCY W CC/MCC,"$37,756.00"
MS743,UTERINE & ADNEXA PROC FOR NON-MALIGNANCY W/O CC/MCC,"$29,298.00"
MS744,"D&C, CONIZATION, LAPAROSCOPY & TUBAL INTERRUPTION W CC/MCC","$47,881.00"
MS746,"VAGINA, CERVIX & VULVA PROCEDURES W CC/MCC","$34,909.00"
MS747,"VAGINA, CERVIX & VULVA PROCEDURES W/O CC/MCC","$33,884.00"
MS748,FEMALE REPRODUCTIVE SYSTEM RECONSTRUCTIVE PROCEDURES,"$20,405.00"
MS749,OTHER FEMALE REPRODUCTIVE SYSTEM O.R. PROCEDURES W CC/MCC,"$129,936.00"
MS750,OTHER FEMALE REPRODUCTIVE SYSTEM O.R. PROCEDURES W/O CC/MCC,"$41,329.00"
MS754,"MALIGNANCY, FEMALE REPRODUCTIVE SYSTEM W MCC","$88,480.00"
MS755,"MALIGNANCY, FEMALE REPRODUCTIVE SYSTEM W CC","$15,917.00"
MS758,"INFECTIONS, FEMALE REPRODUCTIVE SYSTEM W CC","$23,402.00"
MS759,"INFECTIONS, FEMALE REPRODUCTIVE SYSTEM W/O CC/MCC","$13,221.00"
MS760,MENSTRUAL & OTHER FEMALE REPRODUCTIVE SYSTEM DISORDERS W CC/MCC,"$65,240.00"
MS761,MENSTRUAL & OTHER FEMALE REPRODUCTIVE SYSTEM DISORDERS W/O CC/MCC,"$84,540.00"
MS765,CESAREAN SECTION W CC/MCC,"$22,761.00"
MS766,CESAREAN SECTION W/O CC/MCC,"$17,814.00"
MS767,VAGINAL DELIVERY W STERILIZATION &/OR D&C,"$15,290.00"
MS768,VAGINAL DELIVERY W O.R. PROC EXCEPT STERIL &/OR D&C,"$14,487.00"
MS769,POSTPARTUM & POST ABORTION DIAGNOSES W O.R. PROCEDURE,"$18,025.00"
MS770,"ABORTION W D&C, ASPIRATION CURETTAGE OR HYSTEROTOMY","$37,834.00"
MS774,VAGINAL DELIVERY W COMPLICATING DIAGNOSES,"$12,925.00"
MS775,VAGINAL DELIVERY W/O COMPLICATING DIAGNOSES,"$11,766.00"
MS776,POSTPARTUM & POST ABORTION DIAGNOSES W/O O.R. PROCEDURE,"$21,862.00"
MS781,OTHER ANTEPARTUM DIAGNOSES W MEDICAL COMPLICATIONS,"$41,543.00"
MS782,OTHER ANTEPARTUM DIAGNOSES W/O MEDICAL COMPLICATIONS,"$7,053.00"
MS784,CESAREAN SECTION W STERILIZATION W CC,"$16,004.00"
MS785,CESAREAN SECTION W STERILIZATION W/O CC/MCC,"$16,328.00"
MS786,CESAREAN SECTION W/O STERILIZATION W MCC,"$21,849.00"
MS787,CESAREAN SECTION W/O STERILIZATION W CC,"$23,220.00"
MS788,CESAREAN SECTION W/O STERILIZATION W/O CC/MCC,"$18,959.00"
MS789,"NEONATES, DIED OR TRANSFERRED TO ANOTHER ACUTE CARE FACILITY","$6,109.00"
MS790,"EXTREME IMMATURITY OR RESPIRATORY DISTRESS SYNDROME, NEONATE","$16,848.00"
MS791,PREMATURITY W MAJOR PROBLEMS,"$16,580.00"
MS792,PREMATURITY W/O MAJOR PROBLEMS,"$7,492.00"
MS793,FULL TERM NEONATE W MAJOR PROBLEMS,"$10,382.00"
MS794,NEONATE W OTHER SIGNIFICANT PROBLEMS,"$7,671.00"
MS795,NORMAL NEWBORN,"$6,690.00"
MS797,VAGINAL DELIVERY W STERILIZATION/D&C W CC,"$14,227.00"
MS798,VAGINAL DELIVERY W STERILIZATION/D&C WO CC/MCC,"$13,087.00"
MS801,SPLENECTOMY W/O CC/MCC,"$62,973.00"
MS803,OTHER O.R. PROC OF THE BLOOD & BLOOD FORMING ORGANS W CC,"$54,420.00"
MS805,VAGINAL DELIVERY W/O STERILIZATION/D&C W MCC,"$14,153.00"
MS806,VAGINAL DELIVERY W/O STERILIZATION/D&C W CC,"$11,491.00"
MS807,VAGINAL DELIVERY W/O STERILIZATION/D&C W/O CC/MCC,"$11,919.00"
MS808,MAJOR HEMATOL/IMMUN DIAG EXC SICKLE CELL CRISIS & COAGUL W MCC,"$66,606.00"
MS809,MAJOR HEMATOL/IMMUN DIAG EXC SICKLE CELL CRISIS & COAGUL W CC,"$60,948.00"
MS810,MAJOR HEMATOL/IMMUN DIAG EXC SICKLE CELL CRISIS & COAGUL W/O CC/MCC,"$29,972.00"
MS811,RED BLOOD CELL DISORDERS W MCC,"$62,774.00"
MS812,RED BLOOD CELL DISORDERS W/O MCC,"$32,413.00"
MS813,COAGULATION DISORDERS,"$80,131.00"
MS814,RETICULOENDOTHELIAL & IMMUNITY DISORDERS W MCC,"$97,159.00"
MS815,RETICULOENDOTHELIAL & IMMUNITY DISORDERS W CC,"$41,678.00"
MS816,RETICULOENDOTHELIAL & IMMUNITY DISORDERS W/O CC/MCC,"$16,950.00"
MS818,OTHER ANTEPARTUM DIAGNOSES W O.R. PROCEDURE W CC,"$36,724.00"
MS820,LYMPHOMA & LEUKEMIA W MAJOR O.R. PROCEDURE W MCC,"$41,604.00"
MS821,LYMPHOMA & LEUKEMIA W MAJOR O.R. PROCEDURE W CC,"$44,772.00"
MS822,LYMPHOMA & LEUKEMIA W MAJOR O.R. PROCEDURE W/O CC/MCC,"$33,177.00"
MS823,LYMPHOMA & NON-ACUTE LEUKEMIA W OTHER PROC W MCC,"$169,266.00"
MS824,LYMPHOMA & NON-ACUTE LEUKEMIA W OTHER PROC W CC,"$132,814.00"
MS826,MYELOPROLIF DISORD OR POORLY DIFF NEOPL W MAJ O.R. PROC W MCC,"$106,524.00"
MS827,MYELOPROLIF DISORD OR POORLY DIFF NEOPL W MAJ O.R. PROC W CC,"$82,098.00"
MS828,MYELOPROLIF DISORD OR POORLY DIFF NEOPL W MAJ O.R. PROC W/O CC/MCC,"$57,809.00"
MS829,MYELOPROLIFERATIVE DISORDERS OR POORLY DIFFERENTIATED NEOPLASMS W OTHER PROCEDURE W CC/MCC,"$163,212.00"
MS832,OTHER ANTEPARTUM DIAGNOSES W/O O.R. PROCEDURE W CC,"$19,268.00"
MS833,OTHER ANTEPARTUM DIAGNOSES W/O O.R. PROCEDURE W/O CC/MCC,"$13,489.00"
MS834,ACUTE LEUKEMIA W/O MAJOR O.R. PROCEDURE W MCC,"$380,282.00"
MS835,ACUTE LEUKEMIA W/O MAJOR O.R. PROCEDURE W CC,"$106,212.00"
MS836,ACUTE LEUKEMIA W/O MAJOR O.R. PROCEDURE W/O CC/MCC,"$62,696.00"
MS837,CHEMO W ACUTE LEUKEMIA AS SDX OR W HIGH DOSE CHEMO AGENT W MCC,"$99,453.00"
MS838,CHEMO W ACUTE LEUKEMIA AS SDX W CC OR HIGH DOSE CHEMO AGENT,"$63,987.00"
MS839,CHEMO W ACUTE LEUKEMIA AS SDX W/O CC/MCC,"$53,317.00"
MS840,LYMPHOMA & NON-ACUTE LEUKEMIA W MCC,"$96,101.00"
MS841,LYMPHOMA & NON-ACUTE LEUKEMIA W CC,"$72,126.00"
MS842,LYMPHOMA & NON-ACUTE LEUKEMIA W/O CC/MCC,"$51,248.00"
MS844,OTHER MYELOPROLIF DIS OR POORLY DIFF NEOPL DIAG W CC,"$39,796.00"
MS846,CHEMOTHERAPY W/O ACUTE LEUKEMIA AS SECONDARY DIAGNOSIS W MCC,"$106,813.00"
MS847,CHEMOTHERAPY W/O ACUTE LEUKEMIA AS SECONDARY DIAGNOSIS W CC,"$34,453.00"
MS848,CHEMOTHERAPY W/O ACUTE LEUKEMIA AS SECONDARY DIAGNOSIS W/O CC/MCC,"$27,473.00"
MS853,INFECTIOUS & PARASITIC DISEASES W O.R. PROCEDURE W MCC,"$184,048.00"
MS854,INFECTIOUS & PARASITIC DISEASES W O.R. PROCEDURE W CC,"$80,374.00"
MS855,INFECTIOUS & PARASITIC DISEASES W O.R. PROCEDURE W/O CC/MCC,"$16,783.00"
MS856,POSTOPERATIVE OR POST-TRAUMATIC INFECTIONS W O.R. PROC W MCC,"$104,184.00"
MS857,POSTOPERATIVE OR POST-TRAUMATIC INFECTIONS W O.R. PROC W CC,"$74,209.00"
MS858,POSTOPERATIVE OR POST-TRAUMATIC INFECTIONS W O.R. PROC W/O CC/MCC,"$36,545.00"
MS862,POSTOPERATIVE & POST-TRAUMATIC INFECTIONS W MCC,"$61,030.00"
MS863,POSTOPERATIVE & POST-TRAUMATIC INFECTIONS W/O MCC,"$26,211.00"
MS864,FEVER AND INFLAMMATORY CONDITIONS,"$26,755.00"
MS865,VIRAL ILLNESS W MCC,"$79,816.00"
MS866,VIRAL ILLNESS W/O MCC,"$29,193.00"
MS867,OTHER INFECTIOUS & PARASITIC DISEASES DIAGNOSES W MCC,"$77,073.00"
MS868,OTHER INFECTIOUS & PARASITIC DISEASES DIAGNOSES W CC,"$30,671.00"
MS870,SEPTICEMIA OR SEVERE SEPSIS W MV >96 HOURS OR PERIPHERAL EXTRACORPOREAL MEMBRANE OXYGENATION (ECMO),"$226,653.00"
MS871,SEPTICEMIA OR SEVERE SEPSIS W/O MV >96 HOURS W MCC,"$61,426.00"
MS872,SEPTICEMIA OR SEVERE SEPSIS W/O MV >96 HOURS W/O MCC,"$35,917.00"
MS876,O.R. PROCEDURE W PRINCIPAL DIAGNOSES OF MENTAL ILLNESS,"$67,682.00"
MS880,ACUTE ADJUSTMENT REACTION & PSYCHOSOCIAL DYSFUNCTION,"$24,796.00"
MS881,DEPRESSIVE NEUROSES,"$19,460.00"
MS882,NEUROSES EXCEPT DEPRESSIVE,"$19,591.00"
MS883,DISORDERS OF PERSONALITY & IMPULSE CONTROL,"$17,420.00"
MS884,ORGANIC DISTURBANCES & INTELLECTUAL DISABILITY,"$62,355.00"
MS885,PSYCHOSES,"$35,178.00"
MS886,BEHAVIORAL & DEVELOPMENTAL DISORDERS,"$27,126.00"
MS894,"ALCOHOL/DRUG ABUSE OR DEPENDENCE, LEFT AMA","$21,485.00"
MS896,ALCOHOL/DRUG ABUSE OR DEPENDENCE W/O REHABILITATION THERAPY W MCC,"$72,636.00"
MS897,ALCOHOL/DRUG ABUSE OR DEPENDENCE W/O REHABILITATION THERAPY W/O MCC,"$20,983.00"
MS901,WOUND DEBRIDEMENTS FOR INJURIES W MCC,"$1,186,507.00"
MS902,WOUND DEBRIDEMENTS FOR INJURIES W CC,"$68,709.00"
MS903,WOUND DEBRIDEMENTS FOR INJURIES W/O CC/MCC,"$25,117.00"
MS904,SKIN GRAFTS FOR INJURIES W CC/MCC,"$54,039.00"
MS905,SKIN GRAFTS FOR INJURIES W/O CC/MCC,"$54,115.00"
MS906,HAND PROCEDURES FOR INJURIES,"$146,186.00"
MS907,OTHER O.R. PROCEDURES FOR INJURIES W MCC,"$110,999.00"
MS908,OTHER O.R. PROCEDURES FOR INJURIES W CC,"$56,999.00"
MS909,OTHER O.R. PROCEDURES FOR INJURIES W/O CC/MCC,"$55,747.00"
MS913,TRAUMATIC INJURY W MCC,"$82,855.00"
MS914,TRAUMATIC INJURY W/O MCC,"$40,045.00"
MS915,ALLERGIC REACTIONS W MCC,"$24,846.00"
MS917,POISONING & TOXIC EFFECTS OF DRUGS W MCC,"$42,551.00"
MS918,POISONING & TOXIC EFFECTS OF DRUGS W/O MCC,"$29,072.00"
MS919,COMPLICATIONS OF TREATMENT W MCC,"$79,412.00"
MS920,COMPLICATIONS OF TREATMENT W CC,"$24,878.00"
MS921,COMPLICATIONS OF TREATMENT W/O CC/MCC,"$24,726.00"
MS922,"OTHER INJURY, POISONING & TOXIC EFFECT DIAG W MCC","$102,360.00"
MS923,"OTHER INJURY, POISONING & TOXIC EFFECT DIAG W/O MCC","$57,805.00"
MS935,NON-EXTENSIVE BURNS,"$10,634.00"
MS940,O.R. PROC W DIAGNOSES OF OTHER CONTACT W HEALTH SERVICES W CC,"$77,801.00"
MS941,O.R. PROC W DIAGNOSES OF OTHER CONTACT W HEALTH SERVICES W/O CC/MCC,"$37,286.00"
MS947,SIGNS & SYMPTOMS W MCC,"$43,769.00"
MS948,SIGNS & SYMPTOMS W/O MCC,"$27,254.00"
MS950,AFTERCARE W/O CC/MCC,"$25,116.00"
MS955,CRANIOTOMY FOR MULTIPLE SIGNIFICANT TRAUMA,"$406,276.00"
MS956,"LIMB REATTACHMENT, HIP & FEMUR PROC FOR MULTIPLE SIGNIFICANT TRAUMA","$216,737.00"
MS957,OTHER O.R. PROCEDURES FOR MULTIPLE SIGNIFICANT TRAUMA W MCC,"$230,304.00"
MS958,OTHER O.R. PROCEDURES FOR MULTIPLE SIGNIFICANT TRAUMA W CC,"$118,933.00"
MS963,OTHER MULTIPLE SIGNIFICANT TRAUMA W MCC,"$101,238.00"
MS964,OTHER MULTIPLE SIGNIFICANT TRAUMA W CC,"$73,590.00"
MS965,OTHER MULTIPLE SIGNIFICANT TRAUMA W/O CC/MCC,"$41,534.00"
MS970,HIV W EXTENSIVE O.R. PROCEDURE W/O MCC,"$116,702.00"
MS974,HIV W MAJOR RELATED CONDITION W MCC,"$109,082.00"
MS975,HIV W MAJOR RELATED CONDITION W CC,"$40,888.00"
MS976,HIV W MAJOR RELATED CONDITION W/O CC/MCC,"$12,628.00"
MS977,HIV W OR W/O OTHER RELATED CONDITION,"$54,033.00"
MS981,EXTENSIVE O.R. PROCEDURE UNRELATED TO PRINCIPAL DIAGNOSIS W MCC,"$169,114.00"
MS982,EXTENSIVE O.R. PROCEDURE UNRELATED TO PRINCIPAL DIAGNOSIS W CC,"$87,868.00"
MS983,EXTENSIVE O.R. PROCEDURE UNRELATED TO PRINCIPAL DIAGNOSIS W/O CC/MCC,"$53,851.00"
MS987,NON-EXTENSIVE O.R. PROC UNRELATED TO PRINCIPAL DIAGNOSIS W MCC,"$104,637.00"
MS988,NON-EXTENSIVE O.R. PROC UNRELATED TO PRINCIPAL DIAGNOSIS W CC,"$61,567.00"
MS989,NON-EXTENSIVE O.R. PROC UNRELATED TO PRINCIPAL DIAGNOSIS W/O CC/MCC,"$62,378.00"
